{"stats":{"minecraft:picked_up":{"undead_revamp2:bostroxingot":1,"minecraft:crafting_table":4,"minecraft:wheat":3,"iceandfire:witherbone":10,"minecraft:lead":2,"iceandfire:manuscript":5,"minecraft:string":32,"aether:diamond_gloves":2,"born_in_chaos_v1:intoxicating_decoction":1,"iceandfire:graveyard_soil":8,"iceandfire:bestiary":1,"minecraft:gold_nugget":119,"minecraft:oak_boat":6,"minecraft:player_head":5,"minecraft:coal_block":38,"minecraft:piston":1,"minecraft:iron_boots":1,"minecraft:furnace":2,"iceandfire:ghost_chest":1,"minecraft:raw_iron":4,"iceandfire:dragonbone":3,"minecraft:copper_ingot":3,"minecraft:torch":3,"tombstone:grave_dust":9,"minecraft:rabbit_foot":2,"minecraft:stone_pressure_plate":2,"mutantmonsters:mutant_skeleton_pelvis":2,"minecraft:dark_oak_planks":11,"minecraft:tnt":6,"minecraft:rotten_flesh":23,"minecraft:arrow":10,"minecraft:hay_block":17,"mutantmonsters:mutant_skeleton_rib":4,"minecraft:gold_ingot":5,"supplementaries:ash":4,"minecraft:cobblestone":24,"minecraft:birch_log":2,"born_in_chaos_v1:corpse_maggot":1,"minecraft:oak_log":10,"iceandfire:ectoplasm":4,"minecraft:wither_skeleton_skull":1,"mutantmonsters:mutant_skeleton_limb":5,"minecraft:dirt":5,"minecraft:lantern":2,"tombstone:gift":1,"minecraft:cooked_mutton":1,"minecraft:bone":36,"minecraft:apple":3,"iceandfire:pixie_jar_empty":5,"minecraft:bow":1,"minecraft:wheat_seeds":5,"minecraft:stone_pickaxe":1,"minecraft:rabbit_hide":5,"minecraft:iron_ingot":1,"tombstone:bag_of_seeds":1,"minecraft:oak_planks":25,"minecraft:iron_sword":3,"minecraft:book":30,"iceandfire:copper_nugget":14,"minecraft:dandelion":3,"minecraft:stripped_acacia_wood":2,"minecraft:nether_brick_stairs":1,"minecraft:blast_furnace":1,"minecraft:white_bed":1,"minecraft:spider_eye":2,"minecraft:iron_hoe":1,"minecraft:dark_prismarine":1,"minecraft:bundle":1,"minecraft:slime_ball":8,"minecraft:diamond":1,"minecraft:stone_axe":1,"iceandfire:lectern":4,"minecraft:chainmail_leggings":1,"minecraft:bone_meal":3,"minecraft:chainmail_helmet":2,"minecraft:bread":3,"minecraft:emerald":3,"tombstone:magic_scroll":2,"born_in_chaos_v1:rotten_fish":2,"iceandfire:silver_nugget":60,"minecraft:coal":28,"minecraft:ender_pearl":2},"minecraft:custom":{"minecraft:interact_with_smithing_table":1,"minecraft:mob_kills":110,"minecraft:interact_with_crafting_table":23,"minecraft:open_barrel":1,"minecraft:damage_dealt_resisted":5907,"minecraft:time_since_death":21051,"minecraft:climb_one_cm":9211,"minecraft:sprint_one_cm":201940,"minecraft:walk_one_cm":538102,"minecraft:damage_blocked_by_shield":2580,"minecraft:drop":41,"minecraft:talked_to_villager":14,"minecraft:play_time":141611,"minecraft:deaths":9,"minecraft:sneak_time":1084,"minecraft:walk_under_water_one_cm":27165,"minecraft:boat_one_cm":113985,"minecraft:interact_with_brewingstand":1,"minecraft:jump":1165,"minecraft:interact_with_blast_furnace":5,"minecraft:walk_on_water_one_cm":40703,"minecraft:total_world_time":141611,"minecraft:interact_with_furnace":5,"tombstone:raider_killed":1,"minecraft:traded_with_villager":10,"minecraft:sleep_in_bed":6,"minecraft:time_since_rest":20876,"minecraft:damage_taken":4939,"minecraft:trigger_trapped_chest":1,"minecraft:damage_dealt":22450,"minecraft:swim_one_cm":62315,"minecraft:fly_one_cm":211477,"minecraft:open_chest":40,"minecraft:crouch_one_cm":1214,"tombstone:undead_killed":72,"minecraft:fall_one_cm":15706},"minecraft:dropped":{"minecraft:piston":1,"minecraft:wheat_seeds":5,"minecraft:tnt":1,"minecraft:ender_pearl":1,"minecraft:lead":1,"iceandfire:ectoplasm":4,"minecraft:copper_ingot":2,"minecraft:coal":4,"iceandfire:graveyard_soil":8,"minecraft:dirt":4,"iceandfire:copper_nugget":14,"minecraft:gold_nugget":4,"minecraft:chainmail_leggings":1,"minecraft:dandelion":3,"iceandfire:silver_nugget":6,"minecraft:stone_axe":1,"mutantmonsters:mutant_skeleton_pelvis":2,"alexsmobs:animal_dictionary":1,"minecraft:wheat":2,"born_in_chaos_v1:rotten_fish":2,"minecraft:rotten_flesh":5,"minecraft:torchflower_seeds":2,"minecraft:rabbit_hide":5,"supplementaries:flax_seeds":3,"supplementaries:ash":1,"aether:diamond_gloves":2,"mutantmonsters:mutant_skeleton_limb":1,"born_in_chaos_v1:corpse_maggot":1,"minecraft:stone_pickaxe":1,"minecraft:wooden_pickaxe":1,"mutantmonsters:mutant_skeleton_rib":4},"minecraft:used":{"iceandfire:lectern":3,"iceandfire:silver_sword":34,"minecraft:shield":30,"minecraft:iron_sword":64,"minecraft:iron_chestplate":1,"minecraft:torch":12,"minecraft:dirt":1,"iceandfire:copper_sword":199,"born_in_chaos_v1:supreme_measure":47,"minecraft:lantern":2,"minecraft:iron_helmet":1,"minecraft:iron_boots":1,"minecraft:golden_carrot":1,"minecraft:bow":9,"minecraft:hay_block":3,"tombstone:gift":5,"minecraft:stone_pressure_plate":2,"minecraft:iron_leggings":1,"iceandfire:pixie_jar_empty":1,"minecraft:cooked_mutton":1,"minecraft:birch_planks":8,"minecraft:chorus_fruit":1,"minecraft:stone_pickaxe":94,"minecraft:oak_planks":11,"minecraft:wooden_pickaxe":3,"minecraft:tnt":4,"minecraft:crafting_table":5,"supplementaries:bomb":53,"minecraft:white_bed":1,"tombstone:bag_of_seeds":2,"minecraft:bread":48,"minecraft:golden_leggings":1,"minecraft:golden_helmet":1,"minecraft:stone_axe":76,"minecraft:cobblestone":11,"alexsmobs:animal_dictionary":1,"minecraft:oak_boat":7,"minecraft:dandelion":1,"minecraft:experience_bottle":3},"minecraft:killed":{"undead_revamp2:thehunter":4,"earthmobsmod:jumbo_rabbit":2,"born_in_chaos_v1:zombie_clown_not_despawn":1,"minecraft:spider":5,"undead_revamp2:thesmoker":1,"minecraft:slime":15,"enemyexpansion:direwolf":3,"minecraft:zombie_horse":2,"minecraft:phantom":1,"born_in_chaos_v1:maggot":2,"minecraft:skeleton":8,"undead_revamp2:thebidy":2,"undead_revamp2:therod":1,"minecraft:drowned":1,"born_in_chaos_v1:corpse_fish":4,"undead_revamp2:sucker":1,"undead_revamp2:the_moonflower":4,"enemyexpansion:sprinter":2,"mutantmonsters:mutant_skeleton":1,"minecraft:creeper":1,"born_in_chaos_v1:decrepit_skeleton":1,"luminousworld:savannah_skeleton":1,"undead_revamp2:slaveman":1,"minecraft:zombie":5,"iceandfire:ghost":2,"alexsmobs:terrapin":1,"enemyexpansion:huntsman":1,"minecraft:wither_skeleton":32,"minecraft:enderman":1},"minecraft:killed_by":{"minecraft:wither_skeleton":1,"undead_revamp2:clogger":1,"mutantmonsters:mutant_skeleton":4,"minecraft:skeleton":1,"enemyexpansion:direwolf":1,"iceandfire:ghost":1},"minecraft:mined":{"minecraft:stone_pressure_plate":1,"minecraft:white_bed":1,"iceandfire:graveyard_soil":1,"minecraft:mossy_cobblestone":1,"iceandfire:copper_pile":2,"minecraft:grass_block":4,"iceandfire:lectern":4,"luminousworld:grassvariant_2":2,"minecraft:coal_block":38,"luminousworld:savanna_grass_2":2,"minecraft:spawner":1,"minecraft:hay_block":17,"minecraft:furnace":2,"minecraft:iron_ore":4,"minecraft:bookshelf":10,"iceandfire:gold_pile":18,"minecraft:vine":1,"minecraft:stone":22,"iceandfire:pixie_jar_empty":5,"minecraft:crafting_table":4,"luminousworld:savannah_grass_1":1,"minecraft:blast_furnace":1,"iceandfire:ghost_chest":1,"minecraft:tall_grass":5,"minecraft:cobblestone":2,"minecraft:oak_planks":10,"placeablesmod:bread_full_block":2,"minecraft:seagrass":1,"minecraft:birch_log":2,"minecraft:tnt":5,"minecraft:stone_brick_stairs":1,"minecraft:grass":5,"minecraft:coal_ore":7,"minecraft:oak_log":10,"iceandfire:silver_pile":18,"luminousworld:grassvariant_3":3,"minecraft:cobweb":30,"luminousworld:savannah_grass_4":2,"luminousworld:elephant_grass":2,"minecraft:piston":1,"minecraft:fern":1},"minecraft:crafted":{"minecraft:oak_planks":40,"minecraft:coal":9,"minecraft:stone_pickaxe":1,"iceandfire:manuscript":20,"minecraft:wheat":126,"minecraft:coal_block":2,"minecraft:arrow":80,"iceandfire:silver_ingot":6,"minecraft:crafting_table":2,"minecraft:wooden_pickaxe":1,"minecraft:birch_planks":8,"minecraft:stone_axe":1,"minecraft:bread":54,"minecraft:air":0,"minecraft:oak_boat":1,"minecraft:golden_apple":4,"minecraft:shield":1,"minecraft:stick":12,"minecraft:iron_ingot":4,"minecraft:gold_ingot":13,"minecraft:torch":16,"iceandfire:silver_sword":1}},"DataVersion":3465}