{"stats":{"minecraft:broken":{"minecraft:fishing_rod":1,"minecraft:stone_shovel":1},"minecraft:killed_by":{"mutantmonsters:mutant_zombie":1,"undead_revamp2:the_moonflower":1,"luminousworld:dark_oak_zombie":2,"minecraft:drowned":1,"born_in_chaos_v1:phantom_creeper_copy":1,"iceandfire:dread_ghoul":1,"mutantmonsters:mutant_creeper":1,"mowziesmobs:umvuthi":1,"minecraft:vindicator":1,"iceandfire:fire_dragon":1,"luminousworld:dark_oak_skeleton":7,"iceandfire:dread_scuttler":3,"luminousworld:toxic_gator":1,"undead_revamp2:therod":1,"minecraft:skeleton":9,"luminousworld:sunken_skeleton":1,"born_in_chaos_v1:corpse_fish":2,"iceandfire:ghost":13},"minecraft:used":{"ecologics:sandcastle":1,"minecraft:iron_shovel":122,"minecraft:iron_sword":354,"minecraft:quartz_stairs":1,"ecologics:coconut_planks":14,"minecraft:rotten_flesh":3,"minecraft:mutton":8,"minecraft:snowball":19,"aether:skyroot_boat":2,"iceandfire:dread_torch":19,"minecraft:iron_helmet":1,"mowziesmobs:umvuthana_mask_rage":1,"minecraft:bow":2,"minecraft:cooked_cod":6,"alexsmobs:raw_catfish":3,"minecraft:stone_pickaxe":65,"minecraft:oak_planks":3,"minecraft:wooden_pickaxe":23,"luminousworld:groundpebbles_1":1,"minecraft:jungle_boat":2,"minecraft:cookie":5,"minecraft:white_wool":1,"minecraft:golden_apple":1,"minecraft:sand":1,"minecraft:chiseled_quartz_block":3,"minecraft:gray_concrete":4,"minecraft:light_gray_concrete":6,"minecraft:bread":4,"iceandfire:ice_dragon_flesh":1,"ecologics:coconut_slice":12,"iceandfire:pixie_house_mushroom_red":1,"minecraft:oak_boat":17,"minecraft:bone_meal":1,"minecraft:experience_bottle":1,"naturalist:catfish":1,"minecraft:stone_sword":29,"iceandfire:silver_sword":87,"minecraft:stone_shovel":129,"minecraft:cooked_salmon":5,"iceandfire:pixie_dust":9,"born_in_chaos_v1:supreme_measure":5,"minecraft:iron_axe":6,"iceandfire:dragon_ice":1,"tombstone:gift":8,"naturalist:bass":3,"minecraft:green_bed":4,"minecraft:cracked_stone_bricks":1,"minecraft:tnt":1,"minecraft:crafting_table":7,"minecraft:red_bed":5,"minecraft:spruce_log":1,"tombstone:bag_of_seeds":1,"minecraft:spruce_sapling":2,"minecraft:stone_axe":2,"minecraft:chiseled_stone_bricks":1,"minecraft:fishing_rod":25,"minecraft:potion":2,"minecraft:gray_wool":1,"iceandfire:dread_stone_bricks_cracked":1},"minecraft:crafted":{"minecraft:oak_planks":28,"tombstone:grave_key":2,"iceandfire:dread_torch":28,"minecraft:crafting_table":2,"minecraft:spruce_planks":4,"minecraft:wooden_pickaxe":1,"ecologics:sandcastle":1,"minecraft:stick":24,"minecraft:stone_sword":1,"minecraft:stone_shovel":1,"ecologics:coconut_planks":20,"minecraft:stone_pickaxe":1,"iceandfire:silver_ingot":7,"minecraft:bread":4,"minecraft:blue_dye":4,"minecraft:oak_boat":1,"minecraft:blue_wool":2,"minecraft:iron_shovel":1},"minecraft:picked_up":{"minecraft:iron_chestplate":2,"minecraft:wheat":4,"minecraft:enchanted_book":3,"minecraft:stone_brick_stairs":1,"minecraft:brewing_stand":1,"minecraft:string":11,"minecraft:iron_leggings":1,"minecraft:experience_bottle":1,"minecraft:smooth_quartz":34,"minecraft:iron_boots":1,"minecraft:blue_wool":1,"iceandfire:pixie_dust":9,"minecraft:stick":6,"mowziesmobs:sol_visage":1,"born_in_chaos_v1:phantom_powder":5,"minecraft:green_bed":4,"iceandfire:dread_torch":29,"luminousworld:savannah_soil":41,"minecraft:porkchop":1,"tombstone:grave_dust":6,"luminousworld:grassflowers":1,"minecraft:rotten_flesh":31,"ecologics:coconut_log":5,"minecraft:blue_dye":3,"supplementaries:ash":4,"minecraft:snowball":28,"minecraft:blaze_powder":5,"minecraft:cobblestone":20,"iceandfire:sapphire_gem":1,"minecraft:feather":7,"minecraft:brown_wool":3,"minecraft:chiseled_quartz_block":4,"alexsmobs:bison_fur":2,"supplementaries:flax_seeds":2,"minecraft:gray_concrete":13,"minecraft:dirt":1,"minecraft:name_tag":1,"minecraft:bone":18,"ecologics:music_disc_coconut":3,"minecraft:bow":1,"minecraft:wheat_seeds":8,"luminousworld:elephant_grass":6,"minecraft:mossy_stone_bricks":5,"minecraft:oak_planks":3,"minecraft:sand":118,"minecraft:bundle":1,"minecraft:iron_hoe":5,"minecraft:light_gray_concrete":8,"minecraft:sugar":4,"iceandfire:dragon_ice":1,"minecraft:bone_meal":2,"minecraft:emerald":1,"minecraft:chainmail_helmet":7,"iceandfire:silver_nugget":127,"luminousworld:groundpebbles_1":1,"minecraft:crafting_table":5,"ecologics:seashell":1,"minecraft:brown_mushroom":5,"minecraft:stone_brick_wall":1,"minecraft:cornflower":6,"minecraft:red_bed":1,"illagerinvasion:unusual_dust":1,"minecraft:iron_axe":1,"minecraft:item_frame":1,"minecraft:cracked_stone_bricks":6,"minecraft:beef":6,"minecraft:oak_boat":15,"naturalist:catfish":1,"minecraft:quartz_stairs":1,"minecraft:sugar_cane":2,"iceandfire:ice_dragon_heart":1,"ecologics:coconut_slice":16,"minecraft:copper_ingot":4,"minecraft:cookie":5,"minecraft:redstone":6,"minecraft:arrow":14,"mowziesmobs:umvuthana_mask_bliss":2,"minecraft:mutton":9,"minecraft:white_wool":4,"born_in_chaos_v1:corpse_maggot":4,"minecraft:jungle_boat":1,"iceandfire:sea_serpent_fang":8,"minecraft:tripwire_hook":1,"minecraft:leather":2,"minecraft:oak_log":8,"minecraft:chainmail_chestplate":1,"minecraft:lily_pad":39,"iceandfire:ectoplasm":1,"iceandfire:dread_stone_bricks_cracked":1,"tombstone:gift":1,"iceandfire:pixie_house_mushroom_red":1,"naturalist:bass":3,"mowziesmobs:umvuthana_mask_rage":2,"minecraft:kelp":2,"minecraft:iron_ingot":22,"minecraft:iron_sword":6,"endrem:black_eye":1,"luminousworld:clovers_1":2,"minecraft:chiseled_stone_bricks":6,"minecraft:gravel":1,"minecraft:spruce_sapling":2,"minecraft:spruce_log":3,"minecraft:spider_eye":4,"alexsmobs:raw_catfish":3,"minecraft:slime_ball":1,"iceandfire:silver_sword":4,"minecraft:chainmail_leggings":1,"minecraft:iron_helmet":5,"minecraft:stripped_jungle_wood":1,"minecraft:gray_wool":1,"mowziesmobs:umvuthana_mask_fear":1,"tombstone:magic_scroll":2,"minecraft:melon_seeds":1,"minecraft:black_wool":1,"minecraft:coal":7},"minecraft:dropped":{"minecraft:iron_sword":1,"minecraft:brown_mushroom":5,"minecraft:oak_log":1,"ecologics:music_disc_coconut":4,"minecraft:glass_bottle":1,"minecraft:crafting_table":1,"minecraft:leather":2,"iceandfire:ectoplasm":5,"minecraft:cracked_stone_bricks":5,"alexsmobs:bison_fur":1,"minecraft:emerald":1,"iceandfire:graveyard_soil":1,"minecraft:item_frame":1,"minecraft:dirt":5,"minecraft:gray_concrete":9,"born_in_chaos_v1:phantom_powder":1,"minecraft:cornflower":1,"minecraft:gold_nugget":7,"minecraft:bone_meal":1,"minecraft:sand":78,"minecraft:sugar":4,"minecraft:bone":12,"minecraft:gravel":1,"minecraft:stone_axe":1,"mowziesmobs:umvuthana_mask_rage":2,"alexsmobs:animal_dictionary":1,"minecraft:stripped_jungle_wood":1,"minecraft:blue_wool":1,"minecraft:wheat":4,"minecraft:rotten_flesh":21,"luminousworld:savannah_soil":41,"minecraft:chainmail_chestplate":1,"minecraft:chiseled_stone_bricks":5,"supplementaries:flax_seeds":2,"supplementaries:ash":1,"luminousworld:grassflowers":1,"iceandfire:armor_silver_metal_boots":1,"minecraft:melon_seeds":1,"born_in_chaos_v1:corpse_maggot":4,"minecraft:stone_brick_wall":1,"ecologics:coconut_husk":12,"minecraft:stone_brick_stairs":1,"minecraft:enchanted_book":2,"minecraft:wheat_seeds":9,"minecraft:feather":7,"minecraft:iron_helmet":4,"minecraft:cobblestone":7,"minecraft:copper_ingot":6,"minecraft:chainmail_helmet":5,"minecraft:blue_dye":1,"minecraft:smooth_quartz":12,"minecraft:brown_wool":2,"minecraft:chainmail_leggings":1,"minecraft:string":3,"minecraft:tripwire_hook":1,"minecraft:lily_pad":27,"minecraft:redstone":6,"iceandfire:silver_nugget":10,"ecologics:coconut_planks":6,"minecraft:kelp":3,"minecraft:chiseled_quartz_block":1,"minecraft:clay_ball":12,"minecraft:iron_hoe":3,"minecraft:light_gray_concrete":5,"minecraft:filled_map":1,"iceandfire:dread_torch":23,"minecraft:iron_chestplate":1,"minecraft:spider_eye":4,"minecraft:spruce_log":1,"luminousworld:elephant_grass":6,"minecraft:bow":1,"minecraft:wooden_pickaxe":1,"minecraft:black_wool":1},"minecraft:custom":{"minecraft:interact_with_crafting_table":13,"minecraft:leave_game":2,"minecraft:time_since_death":211,"minecraft:sprint_one_cm":335643,"minecraft:drop":269,"minecraft:play_time":285548,"minecraft:deaths":51,"minecraft:jump":2199,"minecraft:interact_with_brewingstand":4,"minecraft:walk_on_water_one_cm":155052,"minecraft:sleep_in_bed":3,"minecraft:damage_dealt":24592,"minecraft:crouch_one_cm":20302,"tombstone:undead_killed":63,"minecraft:inspect_dispenser":4,"minecraft:mob_kills":226,"minecraft:damage_dealt_resisted":390,"minecraft:climb_one_cm":12186,"minecraft:walk_one_cm":470826,"minecraft:sneak_time":12226,"minecraft:walk_under_water_one_cm":105079,"minecraft:boat_one_cm":1315346,"minecraft:total_world_time":285548,"tombstone:raider_killed":4,"minecraft:time_since_rest":1,"minecraft:damage_taken":15619,"minecraft:damage_absorbed":40,"minecraft:trigger_trapped_chest":4,"minecraft:swim_one_cm":328750,"minecraft:fly_one_cm":508029,"minecraft:open_chest":32,"minecraft:fall_one_cm":38893},"minecraft:killed":{"undead_revamp2:thewolf":1,"minecraft:witch":2,"born_in_chaos_v1:restless_spirit":1,"born_in_chaos_v1:zombie_lumberjack":2,"mowziesmobs:umvuthi":1,"minecraft:spider":2,"undead_revamp2:thesmoker":1,"minecraft:skeleton":7,"luminousworld:dark_oak_skeleton":3,"mowziesmobs:umvuthana_crane":2,"minecraft:silverfish":3,"iceandfire:dread_scuttler":1,"minecraft:magma_cube":7,"minecraft:pig":2,"earthmobsmod:lobber_zombie":1,"minecraft:creeper":1,"minecraft:sheep":1,"luminousworld:savannah_skeleton":2,"minecraft:zombie":2,"born_in_chaos_v1:dread_hound":2,"illagerinvasion:sorcerer":1,"born_in_chaos_v1:corpse_fly":5,"iceandfire:pixie":4,"iceandfire:dread_ghoul":2,"luminousworld:dark_oak_zombie":3,"enemyexpansion:wasp":1,"luminousworld:deer":1,"undead_revamp2:thehunter":6,"undead_revamp2:theimmortal":4,"minecraft:vindicator":1,"luminousworld:sunken_skeleton":1,"iceandfire:dread_beast":1,"undead_revamp2:bomber":3,"enemyexpansion:direwolf":1,"enemyexpansion:goblin_fear":72,"born_in_chaos_v1:maggot":5,"creeperoverhaul:snowy_creeper":1,"luminousworld:swamp_skeleton":2,"born_in_chaos_v1:corpse_fish":3,"alexsmobs:bison":1,"minecraft:drowned":8,"enemyexpansion:goblin":1,"mowziesmobs:umvuthana":4,"born_in_chaos_v1:baby_skeleton":1,"born_in_chaos_v1:swarmer":1,"enemyexpansion:sprinter":1,"earthmobsmod:wooly_cow":1,"born_in_chaos_v1:decrepit_skeleton":1,"alexsmobs:catfish":1,"naturalist:catfish":1,"iceandfire:ghost":10,"earthmobsmod:horned_sheep":3,"enemyexpansion:slugger":1},"minecraft:mined":{"minecraft:spruce_planks":2,"iceandfire:graveyard_soil":3,"minecraft:brewing_stand":1,"minecraft:grass_block":6,"minecraft:stone_brick_wall":1,"minecraft:infested_cobblestone":1,"luminousworld:savanna_grass_2":1,"minecraft:chiseled_stone_bricks":5,"minecraft:spawner":4,"iceandfire:dread_torch_wall":2,"illagerinvasion:magic_fire":22,"minecraft:light_gray_concrete":1,"luminousworld:decorative_brown_2":1,"iceandfire:dread_stone_bricks_cracked":1,"minecraft:spruce_slab":1,"minecraft:tripwire":2,"minecraft:green_bed":4,"minecraft:red_bed":1,"minecraft:kelp_plant":1,"minecraft:powder_snow":1,"minecraft:chiseled_quartz_block":3,"iceandfire:dragon_ice_spikes":18,"iceandfire:frozen_dirt":1,"minecraft:cobblestone":4,"minecraft:sugar_cane":1,"minecraft:oak_planks":3,"minecraft:iron_door":1,"minecraft:seagrass":2,"ecologics:seashell":1,"minecraft:mud":3,"minecraft:stone_brick_stairs":2,"minecraft:grass":20,"minecraft:oak_log":7,"minecraft:sand":305,"minecraft:dirt":3,"minecraft:dispenser":1,"minecraft:oak_leaves":2,"iceandfire:dread_stone_bricks":1,"naturalist:cattail":2,"luminousworld:groundpebbles_1":1,"minecraft:mossy_cobblestone":1,"luminousworld:grassvariant_4":1,"minecraft:redstone_wire":1,"luminousworld:grassvariant_2":6,"ecologics:coconut_log":5,"minecraft:spruce_leaves":1,"luminousworld:yellow_grassflowers":1,"minecraft:vine":1,"minecraft:stone":9,"minecraft:crafting_table":6,"minecraft:cornflower":4,"minecraft:tall_grass":2,"minecraft:lily_pad":1,"naturalist:duckweed":6,"iceandfire:pixie_house_mushroom_red":1,"minecraft:coal_ore":7,"minecraft:cobweb":10,"minecraft:cracked_stone_bricks":4,"minecraft:stone_bricks":1,"luminousworld:elephant_grass":2,"minecraft:mossy_stone_bricks":8}},"DataVersion":3465}