{"stats":{"minecraft:picked_up":{"minecraft:birch_log":2,"born_in_chaos_v1:corpse_maggot":1,"minecraft:crafting_table":2,"minecraft:wheat":1,"minecraft:oak_log":10,"iceandfire:ectoplasm":1,"minecraft:dirt":3,"minecraft:string":30,"tombstone:gift":1,"minecraft:lantern":2,"minecraft:cooked_mutton":1,"minecraft:bone":5,"minecraft:apple":3,"iceandfire:pixie_jar_empty":5,"minecraft:bow":1,"minecraft:wheat_seeds":5,"minecraft:gold_nugget":108,"minecraft:rabbit_hide":5,"minecraft:iron_ingot":1,"minecraft:stone_pickaxe":1,"minecraft:oak_boat":1,"tombstone:bag_of_seeds":1,"minecraft:coal_block":38,"minecraft:iron_sword":2,"minecraft:oak_planks":11,"minecraft:piston":1,"minecraft:furnace":2,"minecraft:book":30,"iceandfire:dragonbone":3,"minecraft:raw_iron":4,"iceandfire:copper_nugget":14,"minecraft:dandelion":3,"tombstone:grave_dust":1,"minecraft:blast_furnace":1,"minecraft:bundle":1,"minecraft:stone_pressure_plate":2,"minecraft:rabbit_foot":2,"minecraft:tnt":6,"minecraft:arrow":2,"minecraft:rotten_flesh":6,"minecraft:stone_axe":1,"iceandfire:lectern":2,"minecraft:chainmail_leggings":1,"minecraft:hay_block":17,"minecraft:emerald":1,"minecraft:bread":1,"iceandfire:silver_nugget":60,"minecraft:coal":22,"minecraft:cobblestone":23,"minecraft:ender_pearl":1},"minecraft:custom":{"minecraft:interact_with_smithing_table":1,"minecraft:interact_with_furnace":5,"minecraft:mob_kills":13,"minecraft:traded_with_villager":5,"minecraft:interact_with_crafting_table":15,"minecraft:open_barrel":1,"minecraft:time_since_death":484,"minecraft:sleep_in_bed":4,"minecraft:climb_one_cm":9102,"minecraft:time_since_rest":1,"minecraft:sprint_one_cm":118829,"minecraft:damage_taken":2197,"minecraft:walk_one_cm":368941,"minecraft:damage_blocked_by_shield":105,"minecraft:drop":18,"minecraft:damage_dealt":3278,"minecraft:swim_one_cm":35995,"minecraft:talked_to_villager":11,"minecraft:fly_one_cm":77157,"minecraft:open_chest":24,"minecraft:crouch_one_cm":959,"minecraft:play_time":77579,"tombstone:undead_killed":7,"minecraft:deaths":5,"minecraft:sneak_time":568,"minecraft:walk_under_water_one_cm":18119,"minecraft:boat_one_cm":9405,"minecraft:jump":744,"minecraft:interact_with_blast_furnace":5,"minecraft:walk_on_water_one_cm":15470,"minecraft:total_world_time":77579,"minecraft:fall_one_cm":12266},"minecraft:dropped":{"iceandfire:silver_nugget":6,"minecraft:stone_axe":1,"minecraft:wheat_seeds":5,"alexsmobs:animal_dictionary":1,"minecraft:tnt":1,"iceandfire:ectoplasm":1,"minecraft:torchflower_seeds":2,"minecraft:rabbit_hide":5,"supplementaries:flax_seeds":3,"iceandfire:copper_nugget":14,"born_in_chaos_v1:corpse_maggot":1,"minecraft:gold_nugget":2,"minecraft:stone_pickaxe":1,"minecraft:wooden_pickaxe":1,"minecraft:chainmail_leggings":1,"minecraft:dandelion":3},"minecraft:used":{"iceandfire:lectern":1,"minecraft:cooked_mutton":1,"iceandfire:silver_sword":34,"minecraft:birch_planks":8,"minecraft:oak_planks":11,"minecraft:chorus_fruit":1,"minecraft:stone_pickaxe":91,"minecraft:shield":1,"minecraft:wooden_pickaxe":3,"minecraft:iron_sword":52,"minecraft:iron_chestplate":1,"minecraft:dirt":1,"minecraft:tnt":4,"minecraft:crafting_table":3,"tombstone:bag_of_seeds":2,"minecraft:lantern":2,"minecraft:bread":20,"minecraft:iron_helmet":1,"minecraft:iron_boots":1,"minecraft:golden_leggings":1,"minecraft:golden_helmet":1,"minecraft:stone_axe":73,"minecraft:bow":2,"minecraft:hay_block":3,"tombstone:gift":2,"minecraft:oak_boat":1,"alexsmobs:animal_dictionary":1,"minecraft:stone_pressure_plate":2,"iceandfire:pixie_jar_empty":1,"minecraft:iron_leggings":1},"minecraft:killed":{"undead_revamp2:thehunter":1,"earthmobsmod:jumbo_rabbit":2,"undead_revamp2:the_moonflower":1,"enemyexpansion:sprinter":1,"mutantmonsters:mutant_skeleton":1,"born_in_chaos_v1:decrepit_skeleton":1,"born_in_chaos_v1:maggot":2,"luminousworld:savannah_skeleton":1,"iceandfire:ghost":1,"alexsmobs:terrapin":1,"minecraft:enderman":1},"minecraft:killed_by":{"mutantmonsters:mutant_skeleton":4,"iceandfire:ghost":1},"minecraft:mined":{"iceandfire:pixie_jar_empty":5,"minecraft:stone_pressure_plate":1,"minecraft:mossy_cobblestone":1,"iceandfire:copper_pile":2,"minecraft:crafting_table":2,"minecraft:blast_furnace":1,"minecraft:grass_block":4,"iceandfire:lectern":2,"minecraft:cobblestone":1,"minecraft:coal_block":38,"minecraft:oak_planks":10,"minecraft:seagrass":1,"minecraft:hay_block":17,"minecraft:furnace":2,"minecraft:birch_log":2,"minecraft:iron_ore":4,"minecraft:vine":1,"minecraft:tnt":5,"minecraft:stone_brick_stairs":1,"iceandfire:silver_pile":18,"minecraft:grass":3,"minecraft:bookshelf":10,"minecraft:oak_log":10,"minecraft:coal_ore":7,"iceandfire:gold_pile":18,"luminousworld:grassvariant_3":1,"minecraft:cobweb":30,"minecraft:stone":22,"luminousworld:elephant_grass":2,"luminousworld:savannah_grass_4":2,"minecraft:piston":1},"minecraft:crafted":{"minecraft:oak_planks":40,"minecraft:arrow":80,"iceandfire:silver_ingot":6,"minecraft:crafting_table":1,"minecraft:wooden_pickaxe":1,"minecraft:birch_planks":8,"minecraft:stone_axe":1,"minecraft:air":0,"minecraft:bread":42,"minecraft:oak_boat":1,"minecraft:golden_apple":1,"minecraft:shield":1,"minecraft:stick":8,"minecraft:iron_ingot":4,"minecraft:stone_pickaxe":1,"minecraft:gold_ingot":12,"iceandfire:silver_sword":1,"minecraft:wheat":126}},"DataVersion":3465}