{"stats":{"minecraft:crafted":{"minecraft:oak_planks":28,"minecraft:stone_shovel":1,"minecraft:crafting_table":1,"minecraft:wooden_pickaxe":1,"ecologics:sandcastle":1,"minecraft:oak_boat":1,"minecraft:stick":8,"minecraft:stone_pickaxe":1,"minecraft:stone_sword":1},"minecraft:killed_by":{"undead_revamp2:therod":1,"minecraft:skeleton":1,"luminousworld:sunken_skeleton":1,"born_in_chaos_v1:corpse_fish":2,"iceandfire:ghost":12,"minecraft:drowned":1},"minecraft:mined":{"naturalist:cattail":2,"luminousworld:groundpebbles_1":1,"iceandfire:graveyard_soil":3,"minecraft:kelp_plant":1,"minecraft:crafting_table":4,"minecraft:grass_block":2,"minecraft:stone_brick_wall":1,"minecraft:infested_cobblestone":1,"minecraft:tall_grass":1,"minecraft:cobblestone":4,"ecologics:coconut_log":5,"minecraft:lily_pad":1,"minecraft:oak_planks":3,"minecraft:sugar_cane":1,"minecraft:chiseled_stone_bricks":5,"minecraft:seagrass":1,"naturalist:duckweed":5,"ecologics:seashell":1,"minecraft:stone_brick_stairs":2,"minecraft:grass":10,"minecraft:coal_ore":7,"minecraft:oak_log":7,"minecraft:vine":1,"minecraft:dirt":1,"minecraft:sand":116,"minecraft:cobweb":9,"minecraft:stone_bricks":1,"minecraft:cracked_stone_bricks":4,"minecraft:stone":9,"minecraft:mossy_stone_bricks":8,"minecraft:oak_leaves":1},"minecraft:used":{"alexsmobs:raw_catfish":3,"naturalist:bass":3,"naturalist:catfish":1,"ecologics:sandcastle":1,"minecraft:stone_sword":29,"iceandfire:silver_sword":19,"minecraft:stone_shovel":119,"minecraft:stone_pickaxe":33,"minecraft:oak_planks":3,"minecraft:wooden_pickaxe":23,"minecraft:iron_sword":145,"luminousworld:groundpebbles_1":1,"minecraft:rotten_flesh":3,"minecraft:sand":1,"minecraft:crafting_table":4,"minecraft:stone_axe":1,"ecologics:coconut_slice":12,"tombstone:gift":4,"minecraft:oak_boat":5,"minecraft:bone_meal":1},"minecraft:picked_up":{"luminousworld:groundpebbles_1":1,"born_in_chaos_v1:corpse_maggot":4,"minecraft:crafting_table":3,"ecologics:seashell":1,"minecraft:stone_brick_wall":1,"minecraft:stone_brick_stairs":1,"minecraft:oak_log":7,"minecraft:lily_pad":39,"iceandfire:ectoplasm":1,"minecraft:dirt":1,"minecraft:string":7,"naturalist:bass":3,"minecraft:kelp":2,"minecraft:cracked_stone_bricks":5,"minecraft:oak_boat":4,"minecraft:mossy_stone_bricks":5,"naturalist:catfish":1,"minecraft:sugar_cane":2,"minecraft:oak_planks":3,"minecraft:iron_sword":1,"ecologics:coconut_slice":16,"minecraft:chiseled_stone_bricks":5,"minecraft:copper_ingot":1,"minecraft:gravel":1,"minecraft:sand":30,"tombstone:grave_dust":2,"alexsmobs:raw_catfish":3,"minecraft:bundle":1,"minecraft:rotten_flesh":24,"minecraft:slime_ball":1,"minecraft:iron_helmet":2,"ecologics:coconut_log":5,"minecraft:bone_meal":2,"minecraft:chainmail_helmet":4,"minecraft:coal":7,"minecraft:cobblestone":13},"minecraft:dropped":{"minecraft:gravel":1,"minecraft:kelp":3,"alexsmobs:animal_dictionary":1,"minecraft:rotten_flesh":17,"minecraft:cracked_stone_bricks":5,"iceandfire:graveyard_soil":1,"minecraft:chiseled_stone_bricks":5,"minecraft:dirt":5,"born_in_chaos_v1:corpse_maggot":4,"minecraft:stone_brick_wall":1,"ecologics:coconut_husk":12,"minecraft:bone_meal":1,"minecraft:sand":2,"minecraft:wooden_pickaxe":1,"minecraft:stone_brick_stairs":1,"minecraft:lily_pad":27},"minecraft:killed":{"born_in_chaos_v1:swarmer":1,"luminousworld:sunken_skeleton":1,"born_in_chaos_v1:decrepit_skeleton":1,"born_in_chaos_v1:maggot":2,"alexsmobs:catfish":1,"luminousworld:swamp_skeleton":1,"minecraft:zombie":1,"naturalist:catfish":1,"iceandfire:ghost":9,"born_in_chaos_v1:corpse_fly":5,"minecraft:drowned":7,"minecraft:silverfish":3,"born_in_chaos_v1:corpse_fish":3},"minecraft:custom":{"minecraft:mob_kills":37,"minecraft:interact_with_crafting_table":7,"minecraft:damage_dealt_resisted":10,"minecraft:leave_game":1,"minecraft:time_since_death":7830,"minecraft:climb_one_cm":5487,"minecraft:time_since_rest":5775,"minecraft:sprint_one_cm":55950,"minecraft:damage_taken":5327,"minecraft:walk_one_cm":101879,"minecraft:trigger_trapped_chest":4,"minecraft:drop":55,"minecraft:damage_dealt":8680,"minecraft:swim_one_cm":227898,"minecraft:fly_one_cm":79062,"minecraft:open_chest":5,"minecraft:crouch_one_cm":610,"minecraft:play_time":84015,"tombstone:undead_killed":20,"minecraft:deaths":18,"minecraft:sneak_time":1630,"minecraft:walk_under_water_one_cm":72385,"minecraft:boat_one_cm":964305,"minecraft:jump":523,"minecraft:walk_on_water_one_cm":116623,"minecraft:total_world_time":84015,"minecraft:fall_one_cm":3474}},"DataVersion":3465}