{"stats":{"minecraft:dropped":{"minecraft:wheat_seeds":9,"minecraft:lapis_lazuli":14,"minecraft:composter":3,"minecraft:rotten_flesh":1,"minecraft:white_bed":1,"minecraft:dirt":3,"minecraft:wooden_pickaxe":1,"minecraft:white_wool":1,"minecraft:redstone":12},"minecraft:killed":{"minecraft:pig":1,"minecraft:sheep":5,"minecraft:goat":3,"minecraft:chicken":3,"minecraft:drowned":2,"minecraft:enderman":1,"minecraft:cow":4},"minecraft:mined":{"minecraft:white_bed":5,"minecraft:oak_sapling":1,"minecraft:crafting_table":4,"minecraft:grass_block":2,"minecraft:tall_grass":6,"minecraft:oak_planks":1,"minecraft:composter":3,"minecraft:sugar_cane":4,"minecraft:hay_block":73,"minecraft:seagrass":2,"minecraft:furnace":3,"minecraft:carrots":2,"minecraft:wheat":8,"minecraft:birch_log":7,"minecraft:iron_ore":1,"minecraft:fletching_table":2,"minecraft:grass":23,"minecraft:potatoes":2,"minecraft:coal_ore":11,"minecraft:oak_log":100,"minecraft:sand":34,"minecraft:gravel":24,"minecraft:dirt":5,"minecraft:stone":80,"minecraft:mossy_stone_bricks":2,"minecraft:oak_leaves":49,"minecraft:suspicious_gravel":2},"minecraft:picked_up":{"minecraft:birch_log":7,"minecraft:crafting_table":4,"minecraft:wheat":4,"minecraft:feather":6,"minecraft:cooked_beef":4,"minecraft:chicken":3,"minecraft:leather":4,"minecraft:potato":2,"minecraft:filled_map":1,"minecraft:flint":2,"minecraft:oak_log":100,"minecraft:dirt":6,"minecraft:apple":1,"minecraft:wheat_seeds":9,"minecraft:iron_ingot":5,"minecraft:beef":10,"minecraft:mossy_stone_bricks":2,"minecraft:oak_boat":2,"minecraft:fletching_table":2,"minecraft:poppy":2,"minecraft:sugar_cane":8,"minecraft:birch_sapling":5,"minecraft:oak_planks":1,"minecraft:furnace":3,"minecraft:egg":1,"minecraft:stick":12,"minecraft:raw_iron":1,"minecraft:composter":3,"minecraft:gravel":24,"minecraft:porkchop":1,"minecraft:sand":34,"minecraft:carrot":2,"minecraft:white_bed":7,"minecraft:rotten_flesh":1,"minecraft:hay_block":73,"minecraft:oak_sapling":20,"minecraft:black_wool":1,"minecraft:mutton":7,"minecraft:coal":11,"minecraft:white_wool":4,"minecraft:cobblestone":80},"minecraft:used":{"minecraft:mossy_stone_bricks":2,"minecraft:stone_sword":10,"minecraft:stone_pickaxe":95,"minecraft:poppy":2,"minecraft:oak_planks":1,"minecraft:wooden_pickaxe":3,"minecraft:fletching_table":3,"minecraft:dirt":2,"minecraft:crafting_table":5,"minecraft:white_bed":6,"minecraft:oak_log":3,"minecraft:black_wool":1,"minecraft:apple":1,"minecraft:bread":6,"minecraft:birch_sapling":4,"minecraft:gravel":24,"minecraft:golden_helmet":1,"minecraft:stone_axe":244,"minecraft:hay_block":3,"minecraft:oak_sapling":18,"minecraft:furnace":3,"minecraft:oak_boat":3,"minecraft:egg":1,"minecraft:potato":12,"minecraft:cooked_beef":6},"minecraft:custom":{"minecraft:interact_with_furnace":16,"minecraft:mob_kills":19,"minecraft:traded_with_villager":62,"minecraft:interact_with_crafting_table":16,"minecraft:bell_ring":12,"minecraft:leave_game":1,"minecraft:time_since_death":106019,"minecraft:sleep_in_bed":7,"minecraft:time_since_rest":8171,"minecraft:sprint_one_cm":257280,"minecraft:damage_taken":347,"minecraft:walk_one_cm":249364,"minecraft:drop":38,"minecraft:damage_dealt":1879,"minecraft:swim_one_cm":31136,"minecraft:talked_to_villager":28,"minecraft:fly_one_cm":732445,"minecraft:open_chest":9,"minecraft:crouch_one_cm":767,"minecraft:play_time":106019,"minecraft:sneak_time":450,"minecraft:walk_under_water_one_cm":25621,"minecraft:boat_one_cm":519003,"minecraft:jump":1767,"minecraft:interact_with_brewingstand":2,"minecraft:walk_on_water_one_cm":15857,"minecraft:total_world_time":106019,"minecraft:fall_one_cm":38644},"minecraft:crafted":{"minecraft:cooked_beef":10,"minecraft:oak_planks":328,"minecraft:redstone":80,"minecraft:emerald":22,"minecraft:cooked_porkchop":1,"minecraft:crafting_table":2,"minecraft:wooden_pickaxe":1,"minecraft:cooked_chicken":3,"minecraft:furnace":1,"minecraft:fletching_table":1,"minecraft:birch_planks":28,"minecraft:stone_axe":1,"minecraft:bread":110,"minecraft:cooked_mutton":5,"minecraft:air":0,"minecraft:oak_boat":1,"minecraft:stick":648,"minecraft:stone_pickaxe":1,"minecraft:white_bed":1,"minecraft:wheat":320}},"DataVersion":3465}