{"stats":{"minecraft:crafted":{"minecraft:oak_planks":28,"minecraft:stone_shovel":1,"minecraft:crafting_table":1,"minecraft:wooden_pickaxe":1,"ecologics:sandcastle":1,"minecraft:oak_boat":1,"minecraft:stick":8,"minecraft:stone_pickaxe":1,"minecraft:stone_sword":1},"minecraft:killed_by":{"luminousworld:sunken_skeleton":1,"iceandfire:ghost":8},"minecraft:used":{"ecologics:sandcastle":1,"minecraft:stone_sword":29,"iceandfire:silver_sword":6,"minecraft:stone_shovel":5,"minecraft:stone_pickaxe":25,"minecraft:oak_planks":3,"minecraft:wooden_pickaxe":23,"minecraft:iron_sword":47,"luminousworld:groundpebbles_1":1,"minecraft:sand":1,"minecraft:crafting_table":3,"ecologics:coconut_slice":12,"tombstone:gift":2,"minecraft:oak_boat":3,"minecraft:bone_meal":1},"minecraft:mined":{"naturalist:cattail":2,"luminousworld:groundpebbles_1":1,"iceandfire:graveyard_soil":3,"minecraft:kelp_plant":1,"minecraft:crafting_table":3,"minecraft:stone_brick_wall":1,"minecraft:infested_cobblestone":1,"minecraft:tall_grass":1,"minecraft:cobblestone":1,"ecologics:coconut_log":5,"minecraft:oak_planks":3,"minecraft:sugar_cane":1,"minecraft:chiseled_stone_bricks":5,"ecologics:seashell":1,"minecraft:stone_brick_stairs":2,"minecraft:grass":9,"minecraft:coal_ore":7,"minecraft:oak_log":7,"minecraft:vine":1,"minecraft:sand":6,"minecraft:cobweb":2,"minecraft:cracked_stone_bricks":2,"minecraft:stone":9,"minecraft:mossy_stone_bricks":7,"minecraft:oak_leaves":1},"minecraft:picked_up":{"luminousworld:groundpebbles_1":1,"born_in_chaos_v1:corpse_maggot":4,"minecraft:crafting_table":3,"ecologics:seashell":1,"minecraft:stone_brick_wall":1,"minecraft:stone_brick_stairs":1,"minecraft:oak_log":7,"minecraft:lily_pad":15,"minecraft:string":2,"minecraft:kelp":2,"minecraft:cracked_stone_bricks":2,"minecraft:oak_boat":2,"minecraft:mossy_stone_bricks":5,"minecraft:sugar_cane":2,"minecraft:oak_planks":3,"minecraft:iron_sword":1,"ecologics:coconut_slice":12,"minecraft:chiseled_stone_bricks":5,"minecraft:sand":6,"tombstone:grave_dust":2,"minecraft:rotten_flesh":3,"minecraft:slime_ball":1,"ecologics:coconut_log":5,"minecraft:bone_meal":1,"minecraft:coal":7,"minecraft:cobblestone":10},"minecraft:dropped":{"minecraft:kelp":3,"alexsmobs:animal_dictionary":1,"born_in_chaos_v1:corpse_maggot":4,"minecraft:wooden_pickaxe":1},"minecraft:killed":{"born_in_chaos_v1:swarmer":1,"luminousworld:sunken_skeleton":1,"born_in_chaos_v1:maggot":2,"iceandfire:ghost":5,"born_in_chaos_v1:corpse_fly":5,"minecraft:silverfish":3,"born_in_chaos_v1:corpse_fish":2},"minecraft:custom":{"minecraft:mob_kills":19,"minecraft:interact_with_crafting_table":6,"minecraft:damage_dealt_resisted":10,"minecraft:leave_game":1,"minecraft:time_since_death":144,"minecraft:climb_one_cm":4276,"minecraft:time_since_rest":1,"minecraft:sprint_one_cm":46060,"minecraft:damage_taken":2673,"minecraft:walk_one_cm":84745,"minecraft:trigger_trapped_chest":4,"minecraft:drop":4,"minecraft:damage_dealt":3855,"minecraft:swim_one_cm":18298,"minecraft:fly_one_cm":50831,"minecraft:crouch_one_cm":448,"minecraft:play_time":48015,"tombstone:undead_killed":6,"minecraft:deaths":9,"minecraft:sneak_time":1330,"minecraft:walk_under_water_one_cm":26905,"minecraft:boat_one_cm":684312,"minecraft:jump":364,"minecraft:walk_on_water_one_cm":49911,"minecraft:total_world_time":48015,"minecraft:fall_one_cm":2818}},"DataVersion":3465}