{"stats":{"minecraft:dropped":{"minecraft:bread":64,"minecraft:wheat_seeds":12,"minecraft:lapis_lazuli":14,"minecraft:iron_nugget":4,"minecraft:composter":3,"minecraft:rotten_flesh":1,"minecraft:white_bed":1,"minecraft:carrot":2,"minecraft:dirt":4,"minecraft:oak_sapling":1,"minecraft:sand":34,"minecraft:wooden_pickaxe":1,"minecraft:white_wool":1,"minecraft:redstone":104},"minecraft:killed":{"minecraft:pig":1,"minecraft:sheep":5,"minecraft:goat":3,"minecraft:chicken":3,"minecraft:drowned":2,"minecraft:enderman":1,"minecraft:cow":4},"minecraft:mined":{"minecraft:white_bed":5,"minecraft:oak_sapling":1,"minecraft:crafting_table":5,"minecraft:grass_block":2,"minecraft:tall_grass":6,"minecraft:oak_planks":1,"minecraft:composter":3,"minecraft:sugar_cane":4,"minecraft:hay_block":86,"minecraft:seagrass":2,"minecraft:furnace":3,"minecraft:carrots":2,"minecraft:wheat":8,"minecraft:birch_log":7,"minecraft:iron_ore":1,"minecraft:fletching_table":2,"minecraft:grass":24,"minecraft:potatoes":2,"minecraft:coal_ore":11,"minecraft:oak_log":100,"minecraft:sand":34,"minecraft:gravel":24,"minecraft:dirt":5,"minecraft:stone":80,"minecraft:mossy_stone_bricks":2,"minecraft:oak_leaves":49,"minecraft:suspicious_gravel":2},"minecraft:picked_up":{"minecraft:birch_log":7,"minecraft:crafting_table":5,"minecraft:wheat":4,"minecraft:feather":6,"minecraft:cooked_beef":4,"minecraft:chicken":3,"minecraft:leather":4,"minecraft:potato":2,"minecraft:filled_map":1,"minecraft:flint":2,"minecraft:oak_log":100,"minecraft:dirt":6,"minecraft:apple":1,"minecraft:wheat_seeds":12,"minecraft:iron_ingot":5,"minecraft:beef":10,"minecraft:mossy_stone_bricks":2,"minecraft:oak_boat":2,"minecraft:fletching_table":2,"minecraft:poppy":2,"minecraft:sugar_cane":8,"minecraft:birch_sapling":5,"minecraft:oak_planks":1,"minecraft:furnace":3,"minecraft:egg":1,"minecraft:stick":12,"minecraft:raw_iron":1,"minecraft:composter":3,"minecraft:gravel":24,"minecraft:porkchop":1,"minecraft:sand":34,"minecraft:carrot":2,"minecraft:white_bed":7,"minecraft:rotten_flesh":1,"minecraft:hay_block":86,"minecraft:oak_sapling":20,"minecraft:black_wool":1,"minecraft:mutton":7,"minecraft:coal":11,"minecraft:white_wool":4,"minecraft:cobblestone":80},"minecraft:used":{"minecraft:water_bucket":3,"minecraft:mossy_stone_bricks":2,"minecraft:stone_sword":10,"minecraft:stone_pickaxe":95,"minecraft:poppy":2,"minecraft:oak_planks":1,"minecraft:wooden_pickaxe":3,"minecraft:fletching_table":3,"minecraft:dirt":2,"minecraft:crafting_table":6,"minecraft:white_bed":6,"minecraft:oak_log":3,"minecraft:black_wool":1,"minecraft:apple":1,"minecraft:bread":6,"minecraft:birch_sapling":4,"minecraft:gravel":24,"minecraft:golden_helmet":1,"minecraft:stone_axe":259,"minecraft:fishing_rod":10,"minecraft:hay_block":3,"minecraft:cooked_cod":5,"minecraft:oak_sapling":18,"minecraft:furnace":3,"minecraft:bucket":5,"minecraft:oak_boat":3,"minecraft:egg":1,"minecraft:potato":12,"minecraft:cooked_beef":6},"minecraft:custom":{"minecraft:interact_with_furnace":18,"minecraft:mob_kills":19,"minecraft:traded_with_villager":102,"minecraft:interact_with_crafting_table":19,"minecraft:bell_ring":12,"minecraft:leave_game":1,"minecraft:time_since_death":124019,"minecraft:sleep_in_bed":9,"minecraft:time_since_rest":0,"minecraft:sprint_one_cm":298465,"minecraft:damage_taken":476,"minecraft:walk_one_cm":283581,"minecraft:drop":50,"minecraft:damage_dealt":1879,"minecraft:swim_one_cm":32024,"minecraft:talked_to_villager":46,"minecraft:fly_one_cm":804289,"minecraft:open_chest":12,"minecraft:crouch_one_cm":801,"minecraft:play_time":124019,"minecraft:sneak_time":453,"minecraft:walk_under_water_one_cm":26381,"minecraft:boat_one_cm":522874,"minecraft:jump":2155,"minecraft:interact_with_brewingstand":2,"minecraft:walk_on_water_one_cm":16133,"minecraft:total_world_time":124019,"minecraft:fall_one_cm":50671},"minecraft:crafted":{"minecraft:cooked_beef":10,"minecraft:oak_planks":328,"minecraft:redstone":104,"minecraft:emerald":43,"minecraft:cooked_porkchop":1,"minecraft:crafting_table":2,"minecraft:wooden_pickaxe":1,"minecraft:cooked_chicken":3,"minecraft:furnace":1,"minecraft:fletching_table":1,"minecraft:bucket":2,"minecraft:birch_planks":28,"minecraft:stone_axe":1,"minecraft:bread":217,"minecraft:cooked_mutton":7,"minecraft:air":0,"minecraft:oak_boat":1,"minecraft:stick":648,"minecraft:ender_pearl":1,"minecraft:iron_ingot":1,"minecraft:stone_pickaxe":1,"minecraft:white_bed":1,"minecraft:lapis_lazuli":6,"minecraft:wheat":743}},"DataVersion":3465}