{"stats":{"minecraft:picked_up":{"minecraft:crafting_table":1,"ecologics:coconut_slice":4,"ecologics:seashell":1,"ecologics:coconut_log":3,"minecraft:sand":6,"minecraft:oak_log":7,"minecraft:sugar_cane":2},"minecraft:dropped":{"alexsmobs:animal_dictionary":1},"minecraft:mined":{"minecraft:oak_log":7,"ecologics:seashell":1,"minecraft:sand":6,"ecologics:coconut_log":3,"minecraft:sugar_cane":1,"minecraft:oak_leaves":1,"minecraft:crafting_table":1},"minecraft:crafted":{"minecraft:oak_planks":28,"ecologics:sandcastle":1,"minecraft:crafting_table":1,"minecraft:stick":8},"minecraft:used":{"ecologics:sandcastle":1,"minecraft:sand":1,"minecraft:crafting_table":1},"minecraft:custom":{"minecraft:time_since_rest":4691,"minecraft:crouch_one_cm":103,"minecraft:play_time":4691,"minecraft:sprint_one_cm":2143,"minecraft:walk_one_cm":8787,"minecraft:sneak_time":32,"minecraft:drop":1,"minecraft:jump":45,"minecraft:time_since_death":4691,"minecraft:walk_on_water_one_cm":2881,"minecraft:total_world_time":4691,"minecraft:fall_one_cm":209,"minecraft:interact_with_crafting_table":3,"minecraft:fly_one_cm":3668}},"DataVersion":3465}