{"stats":{"minecraft:crafted":{"minecraft:oak_planks":28,"minecraft:stone_shovel":1,"minecraft:crafting_table":1,"minecraft:wooden_pickaxe":1,"ecologics:sandcastle":1,"minecraft:oak_boat":1,"minecraft:stick":8,"minecraft:stone_pickaxe":1,"minecraft:stone_sword":1},"minecraft:killed_by":{"luminousworld:sunken_skeleton":1,"born_in_chaos_v1:corpse_fish":2,"iceandfire:ghost":12,"minecraft:drowned":1},"minecraft:mined":{"naturalist:cattail":2,"luminousworld:groundpebbles_1":1,"iceandfire:graveyard_soil":3,"minecraft:kelp_plant":1,"minecraft:crafting_table":3,"minecraft:stone_brick_wall":1,"minecraft:infested_cobblestone":1,"minecraft:tall_grass":1,"minecraft:cobblestone":4,"ecologics:coconut_log":5,"minecraft:lily_pad":1,"minecraft:oak_planks":3,"minecraft:sugar_cane":1,"minecraft:chiseled_stone_bricks":5,"minecraft:seagrass":1,"naturalist:duckweed":5,"ecologics:seashell":1,"minecraft:stone_brick_stairs":2,"minecraft:grass":10,"minecraft:coal_ore":7,"minecraft:oak_log":7,"minecraft:vine":1,"minecraft:sand":6,"minecraft:cobweb":9,"minecraft:stone_bricks":1,"minecraft:cracked_stone_bricks":4,"minecraft:stone":9,"minecraft:mossy_stone_bricks":8,"minecraft:oak_leaves":1},"minecraft:used":{"alexsmobs:raw_catfish":3,"naturalist:bass":3,"naturalist:catfish":1,"ecologics:sandcastle":1,"minecraft:stone_sword":29,"iceandfire:silver_sword":19,"minecraft:stone_shovel":6,"minecraft:stone_pickaxe":33,"minecraft:oak_planks":3,"minecraft:wooden_pickaxe":23,"minecraft:iron_sword":141,"luminousworld:groundpebbles_1":1,"minecraft:rotten_flesh":3,"minecraft:sand":1,"minecraft:crafting_table":3,"ecologics:coconut_slice":12,"tombstone:gift":4,"minecraft:oak_boat":5,"minecraft:bone_meal":1},"minecraft:picked_up":{"luminousworld:groundpebbles_1":1,"born_in_chaos_v1:corpse_maggot":4,"minecraft:crafting_table":3,"ecologics:seashell":1,"minecraft:stone_brick_wall":1,"minecraft:stone_brick_stairs":1,"minecraft:oak_log":7,"minecraft:lily_pad":39,"iceandfire:ectoplasm":1,"minecraft:string":7,"naturalist:bass":3,"minecraft:kelp":2,"minecraft:cracked_stone_bricks":4,"minecraft:oak_boat":3,"minecraft:mossy_stone_bricks":5,"naturalist:catfish":1,"minecraft:sugar_cane":2,"minecraft:oak_planks":3,"minecraft:iron_sword":1,"ecologics:coconut_slice":12,"minecraft:chiseled_stone_bricks":5,"minecraft:copper_ingot":1,"minecraft:sand":6,"tombstone:grave_dust":2,"alexsmobs:raw_catfish":3,"minecraft:bundle":1,"minecraft:rotten_flesh":17,"minecraft:slime_ball":1,"minecraft:iron_helmet":2,"ecologics:coconut_log":5,"minecraft:bone_meal":2,"minecraft:chainmail_helmet":2,"minecraft:coal":7,"minecraft:cobblestone":13},"minecraft:dropped":{"minecraft:kelp":3,"alexsmobs:animal_dictionary":1,"minecraft:rotten_flesh":10,"minecraft:cracked_stone_bricks":4,"iceandfire:graveyard_soil":1,"minecraft:chiseled_stone_bricks":5,"born_in_chaos_v1:corpse_maggot":4,"minecraft:stone_brick_wall":1,"ecologics:coconut_husk":12,"minecraft:bone_meal":1,"minecraft:wooden_pickaxe":1,"minecraft:stone_brick_stairs":1,"minecraft:lily_pad":27},"minecraft:killed":{"born_in_chaos_v1:swarmer":1,"luminousworld:sunken_skeleton":1,"born_in_chaos_v1:decrepit_skeleton":1,"born_in_chaos_v1:maggot":2,"alexsmobs:catfish":1,"luminousworld:swamp_skeleton":1,"minecraft:zombie":1,"naturalist:catfish":1,"iceandfire:ghost":9,"born_in_chaos_v1:corpse_fly":5,"minecraft:drowned":6,"minecraft:silverfish":3,"born_in_chaos_v1:corpse_fish":3},"minecraft:custom":{"minecraft:mob_kills":36,"minecraft:interact_with_crafting_table":6,"minecraft:damage_dealt_resisted":10,"minecraft:leave_game":1,"minecraft:time_since_death":5972,"minecraft:climb_one_cm":5267,"minecraft:time_since_rest":3885,"minecraft:sprint_one_cm":50538,"minecraft:damage_taken":4869,"minecraft:walk_one_cm":93970,"minecraft:trigger_trapped_chest":4,"minecraft:drop":44,"minecraft:damage_dealt":8428,"minecraft:swim_one_cm":130797,"minecraft:fly_one_cm":69201,"minecraft:open_chest":2,"minecraft:crouch_one_cm":568,"minecraft:play_time":72015,"tombstone:undead_killed":19,"minecraft:deaths":16,"minecraft:sneak_time":1586,"minecraft:walk_under_water_one_cm":63306,"minecraft:boat_one_cm":954450,"minecraft:jump":488,"minecraft:walk_on_water_one_cm":108620,"minecraft:total_world_time":72015,"minecraft:fall_one_cm":3474}},"DataVersion":3465}