{"stats":{"minecraft:dropped":{"minecraft:wheat_seeds":1,"minecraft:dirt":3,"minecraft:wooden_pickaxe":1},"minecraft:killed":{"minecraft:pig":1,"minecraft:sheep":3,"minecraft:goat":3,"minecraft:chicken":3,"minecraft:cow":4},"minecraft:mined":{"minecraft:white_bed":2,"minecraft:crafting_table":4,"minecraft:grass_block":2,"minecraft:tall_grass":5,"minecraft:sugar_cane":4,"minecraft:furnace":2,"minecraft:birch_log":7,"minecraft:grass":13,"minecraft:coal_ore":10,"minecraft:oak_log":16,"minecraft:dirt":3,"minecraft:stone":68,"minecraft:oak_leaves":9},"minecraft:picked_up":{"minecraft:birch_log":7,"minecraft:crafting_table":4,"minecraft:feather":6,"minecraft:cooked_beef":4,"minecraft:chicken":3,"minecraft:leather":4,"minecraft:oak_log":17,"minecraft:dirt":5,"minecraft:apple":1,"minecraft:wheat_seeds":1,"minecraft:beef":10,"minecraft:oak_boat":1,"minecraft:sugar_cane":8,"minecraft:birch_sapling":5,"minecraft:furnace":2,"minecraft:egg":1,"minecraft:stick":3,"minecraft:porkchop":1,"minecraft:white_bed":3,"minecraft:oak_sapling":5,"minecraft:mutton":5,"minecraft:coal":10,"minecraft:white_wool":3,"minecraft:cobblestone":68},"minecraft:used":{"minecraft:stone_pickaxe":78,"minecraft:oak_planks":1,"minecraft:wooden_pickaxe":3,"minecraft:dirt":2,"minecraft:crafting_table":5,"minecraft:white_bed":3,"minecraft:apple":1,"minecraft:birch_sapling":4,"minecraft:stone_axe":47,"minecraft:oak_sapling":4,"minecraft:furnace":3,"minecraft:oak_boat":1,"minecraft:egg":1,"minecraft:cooked_beef":4},"minecraft:custom":{"minecraft:interact_with_furnace":16,"minecraft:mob_kills":14,"minecraft:interact_with_crafting_table":11,"minecraft:leave_game":1,"minecraft:time_since_death":46019,"minecraft:sleep_in_bed":3,"minecraft:time_since_rest":19694,"minecraft:sprint_one_cm":92108,"minecraft:damage_taken":198,"minecraft:walk_one_cm":112908,"minecraft:drop":5,"minecraft:damage_dealt":1306,"minecraft:swim_one_cm":10489,"minecraft:fly_one_cm":530273,"minecraft:crouch_one_cm":207,"minecraft:play_time":46019,"minecraft:sneak_time":278,"minecraft:walk_under_water_one_cm":4043,"minecraft:boat_one_cm":44415,"minecraft:jump":731,"minecraft:walk_on_water_one_cm":2610,"minecraft:total_world_time":46019,"minecraft:fall_one_cm":14888},"minecraft:crafted":{"minecraft:cooked_beef":10,"minecraft:oak_planks":48,"minecraft:cooked_porkchop":1,"minecraft:crafting_table":2,"minecraft:wooden_pickaxe":1,"minecraft:cooked_chicken":3,"minecraft:furnace":1,"minecraft:birch_planks":28,"minecraft:stone_axe":1,"minecraft:cooked_mutton":5,"minecraft:air":0,"minecraft:oak_boat":1,"minecraft:stick":64,"minecraft:stone_pickaxe":1,"minecraft:white_bed":1}},"DataVersion":3465}