{"stats":{"minecraft:dropped":{"minecraft:dirt":3,"minecraft:wooden_pickaxe":1},"minecraft:mined":{"minecraft:white_bed":2,"minecraft:furnace":2,"minecraft:birch_log":7,"minecraft:crafting_table":4,"minecraft:grass":7,"minecraft:oak_log":10,"minecraft:grass_block":1,"minecraft:coal_ore":10,"minecraft:dirt":3,"minecraft:tall_grass":2,"minecraft:stone":68,"minecraft:sugar_cane":4,"minecraft:oak_leaves":8},"minecraft:killed":{"minecraft:sheep":3,"minecraft:goat":3,"minecraft:pig":1,"minecraft:chicken":3,"minecraft:cow":4},"minecraft:picked_up":{"minecraft:birch_log":7,"minecraft:stick":3,"minecraft:crafting_table":4,"minecraft:feather":6,"minecraft:chicken":3,"minecraft:leather":4,"minecraft:porkchop":1,"minecraft:oak_log":11,"minecraft:white_bed":3,"minecraft:dirt":4,"minecraft:apple":1,"minecraft:beef":10,"minecraft:sugar_cane":8,"minecraft:oak_sapling":4,"minecraft:birch_sapling":5,"minecraft:mutton":5,"minecraft:coal":10,"minecraft:white_wool":3,"minecraft:cobblestone":67,"minecraft:furnace":2},"minecraft:used":{"minecraft:apple":1,"minecraft:stone_pickaxe":78,"minecraft:birch_sapling":4,"minecraft:oak_planks":1,"minecraft:wooden_pickaxe":3,"minecraft:stone_axe":47,"minecraft:dirt":1,"minecraft:crafting_table":4,"minecraft:oak_sapling":3,"minecraft:furnace":3,"minecraft:white_bed":3,"minecraft:cooked_beef":2},"minecraft:custom":{"minecraft:time_since_rest":904,"minecraft:interact_with_furnace":16,"minecraft:sprint_one_cm":64186,"minecraft:damage_taken":90,"minecraft:walk_one_cm":94487,"minecraft:mob_kills":14,"minecraft:drop":4,"minecraft:damage_dealt":1306,"minecraft:swim_one_cm":10270,"minecraft:interact_with_crafting_table":10,"minecraft:fly_one_cm":73077,"minecraft:crouch_one_cm":187,"minecraft:play_time":27229,"minecraft:sneak_time":198,"minecraft:walk_under_water_one_cm":2911,"minecraft:jump":523,"minecraft:leave_game":1,"minecraft:walk_on_water_one_cm":968,"minecraft:time_since_death":27229,"minecraft:sleep_in_bed":3,"minecraft:total_world_time":27229,"minecraft:fall_one_cm":11627},"minecraft:crafted":{"minecraft:cooked_beef":10,"minecraft:oak_planks":24,"minecraft:cooked_porkchop":1,"minecraft:crafting_table":1,"minecraft:stick":64,"minecraft:cooked_chicken":3,"minecraft:wooden_pickaxe":1,"minecraft:stone_pickaxe":1,"minecraft:furnace":1,"minecraft:white_bed":1,"minecraft:birch_planks":28,"minecraft:stone_axe":1,"minecraft:cooked_mutton":5,"minecraft:air":0}},"DataVersion":3465}