{"stats":{"minecraft:picked_up":{"luminousworld:groundpebbles_1":1,"minecraft:crafting_table":2,"ecologics:coconut_slice":6,"ecologics:seashell":1,"minecraft:sand":6,"minecraft:oak_log":7,"ecologics:coconut_log":5,"minecraft:bone_meal":1,"minecraft:sugar_cane":2},"minecraft:dropped":{"alexsmobs:animal_dictionary":1},"minecraft:mined":{"luminousworld:groundpebbles_1":1,"ecologics:seashell":1,"minecraft:crafting_table":2,"minecraft:oak_log":7,"minecraft:sand":6,"ecologics:coconut_log":5,"minecraft:sugar_cane":1,"minecraft:oak_leaves":1},"minecraft:killed":{"born_in_chaos_v1:corpse_fish":2},"minecraft:crafted":{"minecraft:oak_boat":1,"minecraft:oak_planks":28,"minecraft:crafting_table":1,"minecraft:stick":8,"minecraft:wooden_pickaxe":1,"ecologics:sandcastle":1},"minecraft:used":{"ecologics:sandcastle":1,"luminousworld:groundpebbles_1":1,"ecologics:coconut_slice":6,"minecraft:sand":1,"minecraft:crafting_table":2,"minecraft:oak_boat":1},"minecraft:custom":{"minecraft:time_since_rest":16691,"minecraft:sprint_one_cm":4684,"minecraft:damage_taken":150,"minecraft:walk_one_cm":17947,"minecraft:mob_kills":2,"minecraft:drop":1,"minecraft:damage_dealt":247,"minecraft:interact_with_crafting_table":5,"minecraft:fly_one_cm":6137,"minecraft:crouch_one_cm":115,"minecraft:play_time":16691,"minecraft:sneak_time":67,"minecraft:boat_one_cm":433257,"minecraft:jump":74,"minecraft:walk_on_water_one_cm":2881,"minecraft:time_since_death":16691,"minecraft:total_world_time":16691,"minecraft:fall_one_cm":627}},"DataVersion":3465}