{"stats":{"minecraft:picked_up":{"minecraft:birch_log":2,"minecraft:crafting_table":1,"iceandfire:copper_nugget":14,"minecraft:oak_log":10,"minecraft:dirt":1,"minecraft:rabbit_foot":2,"minecraft:rotten_flesh":6,"iceandfire:pixie_jar_empty":1,"iceandfire:lectern":1,"minecraft:gold_nugget":36,"minecraft:rabbit_hide":5,"minecraft:hay_block":11,"minecraft:stone_pickaxe":1,"tombstone:bag_of_seeds":1,"minecraft:oak_planks":3,"iceandfire:silver_nugget":20,"minecraft:cobblestone":17,"minecraft:book":3},"minecraft:custom":{"minecraft:time_since_rest":2740,"minecraft:interact_with_furnace":2,"minecraft:sprint_one_cm":19702,"minecraft:damage_taken":110,"minecraft:walk_one_cm":85353,"minecraft:mob_kills":4,"minecraft:drop":3,"minecraft:damage_dealt":324,"minecraft:swim_one_cm":15075,"minecraft:interact_with_crafting_table":5,"minecraft:fly_one_cm":17330,"minecraft:open_chest":6,"tombstone:undead_killed":2,"minecraft:crouch_one_cm":28,"minecraft:play_time":17579,"minecraft:sneak_time":62,"minecraft:walk_under_water_one_cm":7452,"minecraft:jump":153,"minecraft:time_since_death":17579,"minecraft:walk_on_water_one_cm":1132,"minecraft:sleep_in_bed":1,"minecraft:total_world_time":17579,"minecraft:climb_one_cm":4671,"minecraft:fall_one_cm":3891},"minecraft:dropped":{"alexsmobs:animal_dictionary":1,"minecraft:stone_pickaxe":1,"minecraft:wooden_pickaxe":1},"minecraft:used":{"tombstone:bag_of_seeds":2,"minecraft:birch_planks":8,"minecraft:chorus_fruit":1,"minecraft:stone_pickaxe":28,"minecraft:oak_planks":5,"minecraft:wooden_pickaxe":3,"minecraft:stone_axe":20,"minecraft:dirt":1,"minecraft:crafting_table":1,"alexsmobs:animal_dictionary":1},"minecraft:killed":{"undead_revamp2:thehunter":1,"earthmobsmod:jumbo_rabbit":2,"undead_revamp2:the_moonflower":1},"minecraft:mined":{"iceandfire:pixie_jar_empty":1,"minecraft:hay_block":11,"minecraft:birch_log":2,"iceandfire:copper_pile":2,"minecraft:crafting_table":1,"minecraft:grass":2,"minecraft:bookshelf":1,"minecraft:grass_block":1,"minecraft:oak_log":10,"iceandfire:silver_pile":6,"iceandfire:gold_pile":6,"iceandfire:lectern":1,"luminousworld:grassvariant_3":1,"luminousworld:savannah_grass_4":1,"minecraft:stone":17,"minecraft:oak_planks":3},"minecraft:crafted":{"minecraft:oak_planks":40,"minecraft:crafting_table":1,"minecraft:stick":8,"minecraft:wooden_pickaxe":1,"minecraft:stone_pickaxe":1,"minecraft:birch_planks":8,"minecraft:stone_axe":1,"minecraft:wheat":99}},"DataVersion":3465}