{"stats":{"minecraft:dropped":{"minecraft:golden_boots":1,"minecraft:bread":64,"minecraft:wheat_seeds":12,"minecraft:lapis_lazuli":14,"minecraft:golden_helmet":1,"minecraft:ender_pearl":5,"minecraft:crafting_table":1,"minecraft:weeping_vines":1,"minecraft:dirt":4,"minecraft:nether_wart_block":1,"minecraft:gold_nugget":4,"minecraft:sand":34,"minecraft:iron_pickaxe":2,"minecraft:white_wool":1,"minecraft:gold_ingot":6,"minecraft:redstone":104,"minecraft:iron_nugget":4,"minecraft:composter":3,"minecraft:rotten_flesh":1,"minecraft:white_bed":1,"minecraft:carrot":2,"minecraft:filled_map":1,"minecraft:oak_sapling":1,"minecraft:wooden_pickaxe":1,"minecraft:netherrack":94,"minecraft:splash_potion":1},"minecraft:killed":{"minecraft:chicken":3,"minecraft:drowned":2,"minecraft:pig":1,"minecraft:hoglin":1,"minecraft:sheep":5,"minecraft:goat":3,"minecraft:enderman":1,"minecraft:cow":4},"minecraft:mined":{"minecraft:nether_gold_ore":31,"minecraft:white_bed":5,"minecraft:oak_sapling":1,"minecraft:grass_block":2,"minecraft:crimson_roots":2,"minecraft:composter":3,"minecraft:frosted_ice":3,"minecraft:hay_block":86,"minecraft:glowstone":1,"minecraft:furnace":3,"minecraft:carrots":2,"minecraft:iron_ore":1,"minecraft:fire":5,"minecraft:fletching_table":2,"minecraft:potatoes":2,"minecraft:stone":80,"minecraft:crimson_nylium":12,"minecraft:crafting_table":9,"minecraft:nether_quartz_ore":29,"minecraft:tall_grass":6,"minecraft:cobblestone":9,"minecraft:sugar_cane":4,"minecraft:oak_planks":1,"minecraft:seagrass":2,"minecraft:nether_wart_block":1,"minecraft:birch_log":7,"minecraft:wheat":8,"minecraft:grass":25,"minecraft:oak_log":127,"minecraft:coal_ore":11,"minecraft:gravel":24,"minecraft:sand":34,"minecraft:dirt":5,"minecraft:netherrack":306,"minecraft:mossy_stone_bricks":2,"minecraft:oak_leaves":56,"minecraft:suspicious_gravel":2},"minecraft:broken":{"minecraft:stone_pickaxe":1,"minecraft:stone_axe":2,"minecraft:iron_pickaxe":1},"minecraft:killed_by":{"minecraft:ghast":1},"minecraft:picked_up":{"minecraft:crafting_table":9,"minecraft:wheat":6,"minecraft:splash_potion":3,"minecraft:chicken":3,"minecraft:potion":1,"minecraft:enchanted_book":2,"minecraft:blackstone":60,"minecraft:gold_nugget":176,"minecraft:beef":10,"minecraft:oak_boat":3,"minecraft:poppy":2,"minecraft:iron_pickaxe":1,"minecraft:sugar_cane":8,"minecraft:birch_sapling":5,"minecraft:egg":1,"minecraft:furnace":4,"minecraft:stick":16,"minecraft:raw_iron":1,"minecraft:composter":3,"minecraft:porkchop":1,"minecraft:carrot":2,"minecraft:prismarine_crystals":8,"minecraft:stone_sword":1,"minecraft:weeping_vines":1,"minecraft:rotten_flesh":1,"minecraft:hay_block":86,"minecraft:mutton":7,"minecraft:cobblestone":83,"minecraft:white_wool":4,"minecraft:birch_log":7,"minecraft:feather":6,"minecraft:cooked_beef":4,"minecraft:water_bucket":1,"minecraft:leather":8,"minecraft:potato":2,"minecraft:filled_map":1,"minecraft:flint":2,"minecraft:oak_log":127,"minecraft:golden_boots":1,"minecraft:nether_wart_block":1,"minecraft:dirt":6,"minecraft:apple":9,"minecraft:wheat_seeds":12,"minecraft:iron_ingot":12,"minecraft:mossy_stone_bricks":2,"minecraft:fletching_table":2,"minecraft:glowstone_dust":3,"minecraft:oak_planks":1,"minecraft:quartz":53,"minecraft:gravel":24,"minecraft:sand":34,"minecraft:white_bed":8,"minecraft:bread":18,"minecraft:emerald":3,"minecraft:oak_sapling":20,"minecraft:black_wool":1,"minecraft:netherrack":378,"minecraft:coal":11,"minecraft:crimson_roots":2,"minecraft:ender_pearl":2},"minecraft:used":{"minecraft:stone_sword":13,"minecraft:flint_and_steel":3,"minecraft:poppy":2,"minecraft:netherrack":107,"minecraft:dirt":2,"minecraft:lava_bucket":3,"minecraft:birch_sapling":4,"minecraft:crimson_roots":2,"minecraft:hay_block":3,"minecraft:furnace":3,"minecraft:oak_sapling":18,"minecraft:cooked_cod":6,"minecraft:egg":1,"minecraft:cooked_beef":6,"minecraft:potato":12,"minecraft:cooked_mutton":2,"minecraft:mossy_stone_bricks":2,"minecraft:water_bucket":6,"minecraft:stone_pickaxe":211,"minecraft:oak_planks":1,"minecraft:wooden_pickaxe":3,"minecraft:fletching_table":3,"minecraft:crafting_table":9,"minecraft:white_bed":6,"minecraft:oak_log":3,"minecraft:black_wool":1,"minecraft:apple":1,"minecraft:bread":11,"minecraft:iron_pickaxe":277,"minecraft:gravel":24,"minecraft:golden_helmet":1,"minecraft:stone_axe":310,"minecraft:fishing_rod":10,"minecraft:cobblestone":16,"minecraft:bucket":10,"minecraft:oak_boat":4},"minecraft:custom":{"minecraft:mob_kills":21,"minecraft:interact_with_crafting_table":28,"minecraft:bell_ring":12,"minecraft:leave_game":1,"minecraft:time_since_death":14116,"minecraft:climb_one_cm":451,"minecraft:sprint_one_cm":393977,"minecraft:walk_one_cm":459844,"minecraft:drop":76,"minecraft:talked_to_villager":57,"minecraft:play_time":184019,"minecraft:deaths":1,"minecraft:sneak_time":2181,"minecraft:walk_under_water_one_cm":27776,"minecraft:interact_with_brewingstand":2,"minecraft:boat_one_cm":644016,"minecraft:jump":3012,"minecraft:walk_on_water_one_cm":17313,"minecraft:total_world_time":184019,"minecraft:interact_with_furnace":18,"minecraft:traded_with_villager":111,"minecraft:sleep_in_bed":10,"minecraft:time_since_rest":14165,"minecraft:damage_taken":1079,"minecraft:damage_dealt":2913,"minecraft:swim_one_cm":34876,"minecraft:fly_one_cm":1052839,"minecraft:open_chest":15,"minecraft:crouch_one_cm":6539,"minecraft:fall_one_cm":65880},"minecraft:crafted":{"minecraft:oak_planks":476,"minecraft:redstone":104,"minecraft:cooked_chicken":3,"minecraft:furnace":1,"minecraft:cooked_mutton":7,"minecraft:ender_pearl":2,"minecraft:stone_pickaxe":2,"minecraft:golden_boots":1,"minecraft:wheat":743,"minecraft:cooked_beef":10,"minecraft:emerald":51,"minecraft:cooked_porkchop":1,"minecraft:crafting_table":3,"minecraft:wooden_pickaxe":1,"minecraft:fletching_table":1,"minecraft:bucket":2,"minecraft:birch_planks":28,"minecraft:stone_axe":1,"minecraft:bread":217,"minecraft:air":0,"minecraft:oak_boat":1,"minecraft:stick":904,"minecraft:iron_ingot":1,"minecraft:iron_pickaxe":3,"minecraft:gold_ingot":9,"minecraft:white_bed":1,"minecraft:lapis_lazuli":6}},"DataVersion":3465}