{"stats":{"minecraft:crafted":{"minecraft:oak_planks":28,"minecraft:stone_shovel":1,"minecraft:crafting_table":1,"minecraft:wooden_pickaxe":1,"ecologics:sandcastle":1,"minecraft:oak_boat":1,"minecraft:stick":8,"minecraft:stone_pickaxe":1,"minecraft:stone_sword":1},"minecraft:killed_by":{"luminousworld:sunken_skeleton":1,"born_in_chaos_v1:corpse_fish":2,"iceandfire:ghost":12},"minecraft:mined":{"naturalist:cattail":2,"luminousworld:groundpebbles_1":1,"iceandfire:graveyard_soil":3,"minecraft:kelp_plant":1,"minecraft:crafting_table":3,"minecraft:stone_brick_wall":1,"minecraft:infested_cobblestone":1,"minecraft:tall_grass":1,"minecraft:cobblestone":1,"ecologics:coconut_log":5,"minecraft:lily_pad":1,"minecraft:oak_planks":3,"minecraft:sugar_cane":1,"minecraft:chiseled_stone_bricks":5,"naturalist:duckweed":5,"ecologics:seashell":1,"minecraft:stone_brick_stairs":2,"minecraft:grass":10,"minecraft:coal_ore":7,"minecraft:oak_log":7,"minecraft:vine":1,"minecraft:sand":6,"minecraft:cobweb":9,"minecraft:cracked_stone_bricks":2,"minecraft:stone":9,"minecraft:mossy_stone_bricks":7,"minecraft:oak_leaves":1},"minecraft:used":{"naturalist:bass":3,"ecologics:sandcastle":1,"minecraft:stone_sword":29,"iceandfire:silver_sword":6,"minecraft:stone_shovel":6,"minecraft:stone_pickaxe":26,"minecraft:oak_planks":3,"minecraft:wooden_pickaxe":23,"minecraft:iron_sword":131,"luminousworld:groundpebbles_1":1,"minecraft:rotten_flesh":3,"minecraft:sand":1,"minecraft:crafting_table":3,"ecologics:coconut_slice":12,"tombstone:gift":4,"minecraft:oak_boat":4,"minecraft:bone_meal":1},"minecraft:picked_up":{"luminousworld:groundpebbles_1":1,"born_in_chaos_v1:corpse_maggot":4,"minecraft:crafting_table":3,"ecologics:seashell":1,"minecraft:stone_brick_wall":1,"minecraft:stone_brick_stairs":1,"minecraft:oak_log":7,"minecraft:lily_pad":19,"iceandfire:ectoplasm":1,"minecraft:string":7,"naturalist:bass":3,"minecraft:kelp":2,"minecraft:cracked_stone_bricks":2,"minecraft:oak_boat":2,"minecraft:mossy_stone_bricks":5,"minecraft:sugar_cane":2,"minecraft:oak_planks":3,"minecraft:iron_sword":1,"ecologics:coconut_slice":12,"minecraft:chiseled_stone_bricks":5,"minecraft:sand":6,"tombstone:grave_dust":2,"alexsmobs:raw_catfish":3,"minecraft:bundle":1,"minecraft:rotten_flesh":6,"minecraft:slime_ball":1,"minecraft:iron_helmet":1,"ecologics:coconut_log":5,"minecraft:bone_meal":2,"minecraft:chainmail_helmet":2,"minecraft:coal":7,"minecraft:cobblestone":10},"minecraft:dropped":{"minecraft:kelp":3,"alexsmobs:animal_dictionary":1,"minecraft:cracked_stone_bricks":2,"minecraft:chiseled_stone_bricks":5,"born_in_chaos_v1:corpse_maggot":4,"minecraft:stone_brick_wall":1,"minecraft:wooden_pickaxe":1,"minecraft:stone_brick_stairs":1,"minecraft:lily_pad":7},"minecraft:killed":{"born_in_chaos_v1:swarmer":1,"luminousworld:sunken_skeleton":1,"born_in_chaos_v1:decrepit_skeleton":1,"born_in_chaos_v1:maggot":2,"alexsmobs:catfish":1,"luminousworld:swamp_skeleton":1,"minecraft:zombie":1,"iceandfire:ghost":9,"born_in_chaos_v1:corpse_fly":5,"minecraft:silverfish":3,"born_in_chaos_v1:corpse_fish":3},"minecraft:custom":{"minecraft:mob_kills":28,"minecraft:interact_with_crafting_table":6,"minecraft:damage_dealt_resisted":10,"minecraft:leave_game":1,"minecraft:time_since_death":3356,"minecraft:climb_one_cm":5121,"minecraft:time_since_rest":2895,"minecraft:sprint_one_cm":47902,"minecraft:damage_taken":4613,"minecraft:walk_one_cm":89071,"minecraft:trigger_trapped_chest":4,"minecraft:drop":9,"minecraft:damage_dealt":6689,"minecraft:swim_one_cm":78577,"minecraft:fly_one_cm":59534,"minecraft:crouch_one_cm":463,"minecraft:play_time":60015,"tombstone:undead_killed":13,"minecraft:deaths":15,"minecraft:sneak_time":1458,"minecraft:walk_under_water_one_cm":44702,"minecraft:boat_one_cm":726567,"minecraft:jump":448,"minecraft:walk_on_water_one_cm":93777,"minecraft:total_world_time":60015,"minecraft:fall_one_cm":3474}},"DataVersion":3465}