{"stats":{"minecraft:picked_up":{"luminousworld:groundpebbles_1":1,"minecraft:crafting_table":5,"minecraft:wheat":4,"minecraft:brown_mushroom":5,"ecologics:seashell":1,"minecraft:stone_brick_wall":1,"minecraft:stone_brick_stairs":1,"minecraft:brewing_stand":1,"minecraft:string":7,"illagerinvasion:unusual_dust":1,"minecraft:iron_axe":1,"minecraft:cracked_stone_bricks":5,"minecraft:oak_boat":15,"naturalist:catfish":1,"minecraft:sugar_cane":2,"iceandfire:pixie_dust":9,"minecraft:stick":4,"ecologics:coconut_slice":16,"minecraft:copper_ingot":1,"born_in_chaos_v1:phantom_powder":3,"minecraft:green_bed":4,"minecraft:cookie":5,"tombstone:grave_dust":5,"minecraft:rotten_flesh":31,"ecologics:coconut_log":5,"supplementaries:ash":2,"minecraft:mutton":5,"minecraft:white_wool":1,"minecraft:snowball":24,"minecraft:blaze_powder":5,"minecraft:cobblestone":20,"born_in_chaos_v1:corpse_maggot":4,"minecraft:jungle_boat":1,"iceandfire:sea_serpent_fang":2,"alexsmobs:bison_fur":2,"minecraft:oak_log":7,"minecraft:lily_pad":39,"iceandfire:ectoplasm":1,"iceandfire:dread_stone_bricks_cracked":1,"minecraft:dirt":1,"iceandfire:pixie_house_mushroom_red":1,"minecraft:name_tag":1,"naturalist:bass":3,"ecologics:music_disc_coconut":3,"minecraft:bone":5,"minecraft:kelp":2,"minecraft:bow":1,"minecraft:wheat_seeds":7,"minecraft:iron_ingot":21,"minecraft:mossy_stone_bricks":5,"minecraft:oak_planks":3,"minecraft:iron_sword":5,"endrem:black_eye":1,"luminousworld:clovers_1":2,"minecraft:chiseled_stone_bricks":5,"minecraft:gravel":1,"minecraft:sand":118,"minecraft:spruce_sapling":2,"minecraft:spruce_log":1,"minecraft:spider_eye":4,"minecraft:iron_hoe":2,"alexsmobs:raw_catfish":3,"minecraft:bundle":1,"minecraft:sugar":4,"minecraft:slime_ball":1,"iceandfire:silver_sword":4,"minecraft:iron_helmet":2,"minecraft:bone_meal":2,"minecraft:emerald":1,"minecraft:chainmail_helmet":4,"tombstone:magic_scroll":1,"minecraft:black_wool":1,"iceandfire:silver_nugget":127,"minecraft:coal":7},"minecraft:dropped":{"minecraft:brown_mushroom":5,"minecraft:wheat_seeds":8,"ecologics:music_disc_coconut":4,"minecraft:glass_bottle":1,"minecraft:cobblestone":7,"iceandfire:ectoplasm":5,"minecraft:cracked_stone_bricks":5,"minecraft:chainmail_helmet":1,"alexsmobs:bison_fur":1,"iceandfire:graveyard_soil":1,"minecraft:dirt":5,"born_in_chaos_v1:phantom_powder":1,"minecraft:gold_nugget":7,"minecraft:bone_meal":1,"minecraft:sand":78,"minecraft:sugar":4,"minecraft:lily_pad":27,"minecraft:bone":6,"iceandfire:silver_nugget":6,"minecraft:gravel":1,"minecraft:stone_axe":1,"ecologics:coconut_planks":6,"minecraft:kelp":3,"alexsmobs:animal_dictionary":1,"minecraft:wheat":4,"minecraft:rotten_flesh":21,"minecraft:clay_ball":12,"minecraft:iron_hoe":1,"minecraft:filled_map":1,"minecraft:chiseled_stone_bricks":5,"born_in_chaos_v1:corpse_maggot":4,"minecraft:stone_brick_wall":1,"ecologics:coconut_husk":12,"minecraft:spider_eye":4,"minecraft:bow":1,"minecraft:wooden_pickaxe":1,"minecraft:stone_brick_stairs":1,"minecraft:black_wool":1},"minecraft:mined":{"naturalist:cattail":2,"luminousworld:groundpebbles_1":1,"iceandfire:graveyard_soil":3,"minecraft:mossy_cobblestone":1,"luminousworld:grassvariant_4":1,"minecraft:brewing_stand":1,"minecraft:stone_brick_wall":1,"minecraft:grass_block":6,"minecraft:infested_cobblestone":1,"luminousworld:grassvariant_2":6,"minecraft:spruce_leaves":1,"ecologics:coconut_log":5,"minecraft:chiseled_stone_bricks":5,"luminousworld:yellow_grassflowers":1,"minecraft:vine":1,"illagerinvasion:magic_fire":22,"iceandfire:dread_stone_bricks_cracked":1,"minecraft:stone":9,"luminousworld:decorative_brown_2":1,"minecraft:green_bed":4,"minecraft:kelp_plant":1,"minecraft:powder_snow":1,"iceandfire:dragon_ice_spikes":9,"minecraft:crafting_table":6,"iceandfire:frozen_dirt":1,"minecraft:tall_grass":1,"minecraft:cobblestone":4,"minecraft:lily_pad":1,"minecraft:sugar_cane":1,"minecraft:oak_planks":3,"minecraft:seagrass":2,"naturalist:duckweed":6,"ecologics:seashell":1,"minecraft:mud":3,"iceandfire:pixie_house_mushroom_red":1,"minecraft:stone_brick_stairs":2,"minecraft:grass":20,"minecraft:coal_ore":7,"minecraft:oak_log":7,"minecraft:dirt":3,"minecraft:sand":305,"minecraft:cobweb":9,"minecraft:cracked_stone_bricks":4,"minecraft:stone_bricks":1,"minecraft:mossy_stone_bricks":8,"iceandfire:dread_stone_bricks":1,"minecraft:oak_leaves":2},"minecraft:killed_by":{"luminousworld:dark_oak_skeleton":7,"mutantmonsters:mutant_zombie":1,"undead_revamp2:the_moonflower":1,"iceandfire:dread_scuttler":3,"luminousworld:dark_oak_zombie":2,"luminousworld:toxic_gator":1,"minecraft:drowned":1,"born_in_chaos_v1:phantom_creeper_copy":1,"iceandfire:dread_ghoul":1,"minecraft:vindicator":1,"undead_revamp2:therod":1,"minecraft:skeleton":7,"luminousworld:sunken_skeleton":1,"born_in_chaos_v1:corpse_fish":2,"iceandfire:ghost":12},"minecraft:crafted":{"minecraft:oak_planks":28,"minecraft:stone_shovel":1,"ecologics:coconut_planks":20,"minecraft:stone_pickaxe":1,"iceandfire:dread_torch":28,"iceandfire:silver_ingot":7,"minecraft:crafting_table":2,"minecraft:wooden_pickaxe":1,"ecologics:sandcastle":1,"minecraft:bread":4,"minecraft:oak_boat":1,"minecraft:stick":24,"minecraft:stone_sword":1,"minecraft:iron_shovel":1},"minecraft:killed":{"undead_revamp2:thewolf":1,"undead_revamp2:thehunter":4,"minecraft:witch":2,"undead_revamp2:theimmortal":4,"born_in_chaos_v1:zombie_lumberjack":1,"minecraft:vindicator":1,"minecraft:spider":2,"luminousworld:sunken_skeleton":1,"iceandfire:dread_beast":1,"undead_revamp2:bomber":3,"enemyexpansion:direwolf":1,"born_in_chaos_v1:maggot":5,"creeperoverhaul:snowy_creeper":1,"minecraft:skeleton":1,"luminousworld:swamp_skeleton":2,"luminousworld:dark_oak_skeleton":3,"minecraft:silverfish":3,"alexsmobs:bison":1,"minecraft:drowned":8,"born_in_chaos_v1:corpse_fish":3,"iceandfire:dread_scuttler":1,"born_in_chaos_v1:baby_skeleton":1,"born_in_chaos_v1:swarmer":1,"earthmobsmod:lobber_zombie":1,"enemyexpansion:sprinter":1,"born_in_chaos_v1:decrepit_skeleton":1,"alexsmobs:catfish":1,"minecraft:zombie":2,"naturalist:catfish":1,"iceandfire:ghost":9,"born_in_chaos_v1:dread_hound":1,"illagerinvasion:sorcerer":1,"born_in_chaos_v1:corpse_fly":5,"earthmobsmod:horned_sheep":3,"iceandfire:dread_ghoul":2,"iceandfire:pixie":4,"luminousworld:dark_oak_zombie":3,"enemyexpansion:slugger":1},"minecraft:used":{"naturalist:catfish":1,"ecologics:sandcastle":1,"minecraft:stone_sword":29,"minecraft:iron_shovel":122,"iceandfire:silver_sword":87,"minecraft:stone_shovel":129,"minecraft:iron_sword":293,"ecologics:coconut_planks":14,"minecraft:cooked_salmon":5,"minecraft:rotten_flesh":3,"minecraft:mutton":2,"iceandfire:pixie_dust":9,"minecraft:snowball":16,"aether:skyroot_boat":2,"minecraft:iron_axe":2,"minecraft:bow":2,"minecraft:cooked_cod":6,"tombstone:gift":4,"naturalist:bass":3,"alexsmobs:raw_catfish":3,"minecraft:stone_pickaxe":46,"minecraft:oak_planks":3,"minecraft:wooden_pickaxe":23,"luminousworld:groundpebbles_1":1,"minecraft:green_bed":4,"minecraft:jungle_boat":2,"minecraft:white_wool":1,"minecraft:cookie":5,"minecraft:sand":1,"minecraft:tnt":1,"minecraft:crafting_table":6,"minecraft:spruce_log":1,"minecraft:bread":4,"iceandfire:ice_dragon_flesh":1,"minecraft:spruce_sapling":2,"minecraft:stone_axe":2,"ecologics:coconut_slice":12,"minecraft:fishing_rod":10,"iceandfire:pixie_house_mushroom_red":1,"minecraft:potion":2,"minecraft:oak_boat":17,"minecraft:bone_meal":1,"iceandfire:dread_stone_bricks_cracked":1},"minecraft:custom":{"minecraft:mob_kills":94,"minecraft:interact_with_crafting_table":12,"minecraft:damage_dealt_resisted":330,"minecraft:leave_game":1,"minecraft:time_since_death":3127,"minecraft:climb_one_cm":7312,"minecraft:sprint_one_cm":281687,"minecraft:walk_one_cm":346928,"minecraft:drop":181,"minecraft:play_time":209517,"minecraft:deaths":45,"minecraft:sneak_time":4249,"minecraft:walk_under_water_one_cm":105079,"minecraft:boat_one_cm":1315346,"minecraft:jump":1730,"minecraft:interact_with_brewingstand":4,"minecraft:walk_on_water_one_cm":155052,"minecraft:total_world_time":209517,"tombstone:raider_killed":4,"minecraft:sleep_in_bed":3,"minecraft:time_since_rest":2773,"minecraft:damage_taken":13831,"minecraft:trigger_trapped_chest":4,"minecraft:damage_dealt":20304,"minecraft:swim_one_cm":328750,"minecraft:fly_one_cm":439728,"minecraft:open_chest":27,"minecraft:crouch_one_cm":6254,"tombstone:undead_killed":50,"minecraft:fall_one_cm":21985},"minecraft:broken":{"minecraft:stone_shovel":1}},"DataVersion":3465}