{"stats":{"minecraft:dropped":{"minecraft:bread":64,"minecraft:wheat_seeds":12,"minecraft:lapis_lazuli":14,"minecraft:golden_helmet":1,"minecraft:ender_pearl":5,"minecraft:dirt":4,"minecraft:gold_nugget":4,"minecraft:sand":34,"minecraft:iron_pickaxe":2,"minecraft:white_wool":1,"minecraft:gold_ingot":4,"minecraft:redstone":104,"minecraft:iron_nugget":4,"minecraft:composter":3,"minecraft:rotten_flesh":1,"minecraft:white_bed":1,"minecraft:carrot":2,"minecraft:filled_map":1,"minecraft:oak_sapling":1,"minecraft:wooden_pickaxe":1},"minecraft:killed":{"minecraft:chicken":3,"minecraft:drowned":2,"minecraft:pig":1,"minecraft:hoglin":1,"minecraft:sheep":5,"minecraft:goat":3,"minecraft:enderman":1,"minecraft:cow":4},"minecraft:mined":{"minecraft:white_bed":5,"minecraft:oak_sapling":1,"minecraft:grass_block":2,"minecraft:crimson_roots":2,"minecraft:composter":3,"minecraft:frosted_ice":3,"minecraft:hay_block":86,"minecraft:glowstone":1,"minecraft:furnace":3,"minecraft:carrots":2,"minecraft:iron_ore":1,"minecraft:fire":2,"minecraft:fletching_table":2,"minecraft:potatoes":2,"minecraft:stone":80,"minecraft:crimson_nylium":6,"minecraft:crafting_table":7,"minecraft:nether_quartz_ore":16,"minecraft:tall_grass":6,"minecraft:cobblestone":9,"minecraft:sugar_cane":4,"minecraft:oak_planks":1,"minecraft:seagrass":2,"minecraft:birch_log":7,"minecraft:wheat":8,"minecraft:grass":25,"minecraft:oak_log":127,"minecraft:coal_ore":11,"minecraft:gravel":24,"minecraft:sand":34,"minecraft:dirt":5,"minecraft:netherrack":72,"minecraft:mossy_stone_bricks":2,"minecraft:oak_leaves":56,"minecraft:suspicious_gravel":2},"minecraft:broken":{"minecraft:stone_axe":2},"minecraft:picked_up":{"minecraft:crafting_table":7,"minecraft:wheat":4,"minecraft:splash_potion":1,"minecraft:chicken":3,"minecraft:enchanted_book":1,"minecraft:blackstone":30,"minecraft:gold_nugget":18,"minecraft:beef":10,"minecraft:oak_boat":3,"minecraft:poppy":2,"minecraft:iron_pickaxe":1,"minecraft:sugar_cane":8,"minecraft:birch_sapling":5,"minecraft:egg":1,"minecraft:furnace":3,"minecraft:stick":12,"minecraft:raw_iron":1,"minecraft:composter":3,"minecraft:porkchop":1,"minecraft:carrot":2,"minecraft:rotten_flesh":1,"minecraft:hay_block":86,"minecraft:mutton":7,"minecraft:cobblestone":83,"minecraft:white_wool":4,"minecraft:birch_log":7,"minecraft:feather":6,"minecraft:cooked_beef":4,"minecraft:leather":4,"minecraft:potato":2,"minecraft:filled_map":1,"minecraft:flint":2,"minecraft:oak_log":127,"minecraft:dirt":6,"minecraft:apple":1,"minecraft:wheat_seeds":12,"minecraft:iron_ingot":5,"minecraft:mossy_stone_bricks":2,"minecraft:fletching_table":2,"minecraft:glowstone_dust":3,"minecraft:oak_planks":1,"minecraft:quartz":15,"minecraft:gravel":24,"minecraft:sand":34,"minecraft:white_bed":7,"minecraft:oak_sapling":20,"minecraft:black_wool":1,"minecraft:netherrack":66,"minecraft:coal":11,"minecraft:crimson_roots":2,"minecraft:ender_pearl":2},"minecraft:used":{"minecraft:stone_sword":10,"minecraft:flint_and_steel":3,"minecraft:poppy":2,"minecraft:netherrack":30,"minecraft:dirt":2,"minecraft:lava_bucket":3,"minecraft:birch_sapling":4,"minecraft:crimson_roots":2,"minecraft:hay_block":3,"minecraft:furnace":3,"minecraft:oak_sapling":18,"minecraft:cooked_cod":6,"minecraft:egg":1,"minecraft:cooked_beef":6,"minecraft:potato":12,"minecraft:cooked_mutton":2,"minecraft:mossy_stone_bricks":2,"minecraft:water_bucket":6,"minecraft:stone_pickaxe":203,"minecraft:oak_planks":1,"minecraft:wooden_pickaxe":3,"minecraft:fletching_table":3,"minecraft:crafting_table":9,"minecraft:white_bed":6,"minecraft:oak_log":3,"minecraft:black_wool":1,"minecraft:apple":1,"minecraft:bread":9,"minecraft:gravel":24,"minecraft:golden_helmet":1,"minecraft:stone_axe":310,"minecraft:fishing_rod":10,"minecraft:cobblestone":16,"minecraft:bucket":10,"minecraft:oak_boat":4},"minecraft:custom":{"minecraft:mob_kills":21,"minecraft:interact_with_crafting_table":23,"minecraft:bell_ring":12,"minecraft:leave_game":1,"minecraft:time_since_death":160019,"minecraft:climb_one_cm":188,"minecraft:sprint_one_cm":356369,"minecraft:walk_one_cm":392919,"minecraft:drop":67,"minecraft:talked_to_villager":57,"minecraft:play_time":160019,"minecraft:sneak_time":1272,"minecraft:walk_under_water_one_cm":27776,"minecraft:interact_with_brewingstand":2,"minecraft:boat_one_cm":644016,"minecraft:jump":2679,"minecraft:walk_on_water_one_cm":17313,"minecraft:total_world_time":160019,"minecraft:interact_with_furnace":18,"minecraft:traded_with_villager":111,"minecraft:sleep_in_bed":10,"minecraft:time_since_rest":22475,"minecraft:damage_taken":681,"minecraft:damage_dealt":2763,"minecraft:swim_one_cm":34876,"minecraft:fly_one_cm":857337,"minecraft:open_chest":15,"minecraft:crouch_one_cm":3346,"minecraft:fall_one_cm":60426},"minecraft:crafted":{"minecraft:oak_planks":476,"minecraft:redstone":104,"minecraft:cooked_chicken":3,"minecraft:furnace":1,"minecraft:cooked_mutton":7,"minecraft:ender_pearl":2,"minecraft:stone_pickaxe":1,"minecraft:wheat":743,"minecraft:cooked_beef":10,"minecraft:emerald":51,"minecraft:cooked_porkchop":1,"minecraft:crafting_table":3,"minecraft:wooden_pickaxe":1,"minecraft:fletching_table":1,"minecraft:bucket":2,"minecraft:birch_planks":28,"minecraft:stone_axe":1,"minecraft:bread":217,"minecraft:air":0,"minecraft:oak_boat":1,"minecraft:stick":904,"minecraft:iron_ingot":1,"minecraft:iron_pickaxe":2,"minecraft:gold_ingot":2,"minecraft:white_bed":1,"minecraft:lapis_lazuli":6}},"DataVersion":3465}