{"stats":{"minecraft:picked_up":{"born_in_chaos_v1:corpse_maggot":4,"luminousworld:groundpebbles_1":1,"minecraft:crafting_table":4,"ecologics:seashell":1,"minecraft:stone_brick_wall":1,"minecraft:stone_brick_stairs":1,"minecraft:oak_log":7,"minecraft:lily_pad":39,"iceandfire:ectoplasm":1,"minecraft:dirt":1,"minecraft:string":7,"naturalist:bass":3,"minecraft:kelp":2,"minecraft:cracked_stone_bricks":5,"minecraft:oak_boat":4,"minecraft:mossy_stone_bricks":5,"naturalist:catfish":1,"minecraft:sugar_cane":2,"minecraft:iron_sword":1,"minecraft:oak_planks":3,"minecraft:stick":4,"ecologics:coconut_slice":16,"minecraft:chiseled_stone_bricks":5,"minecraft:copper_ingot":1,"minecraft:gravel":1,"minecraft:sand":118,"tombstone:grave_dust":2,"minecraft:bundle":1,"alexsmobs:raw_catfish":3,"minecraft:rotten_flesh":24,"minecraft:slime_ball":1,"minecraft:iron_helmet":2,"ecologics:coconut_log":5,"minecraft:bone_meal":2,"minecraft:chainmail_helmet":4,"minecraft:coal":7,"minecraft:cobblestone":13},"minecraft:dropped":{"minecraft:gravel":1,"minecraft:kelp":3,"alexsmobs:animal_dictionary":1,"minecraft:glass_bottle":1,"minecraft:rotten_flesh":17,"minecraft:cracked_stone_bricks":5,"minecraft:chainmail_helmet":1,"iceandfire:graveyard_soil":1,"minecraft:chiseled_stone_bricks":5,"minecraft:dirt":5,"born_in_chaos_v1:corpse_maggot":4,"minecraft:stone_brick_wall":1,"ecologics:coconut_husk":12,"minecraft:bone_meal":1,"minecraft:sand":78,"minecraft:wooden_pickaxe":1,"minecraft:stone_brick_stairs":1,"minecraft:lily_pad":27,"minecraft:bone":5},"minecraft:mined":{"naturalist:cattail":2,"luminousworld:groundpebbles_1":1,"iceandfire:graveyard_soil":3,"minecraft:mossy_cobblestone":1,"minecraft:kelp_plant":1,"minecraft:crafting_table":5,"minecraft:grass_block":5,"minecraft:stone_brick_wall":1,"minecraft:infested_cobblestone":1,"minecraft:tall_grass":1,"minecraft:cobblestone":4,"ecologics:coconut_log":5,"minecraft:lily_pad":1,"minecraft:oak_planks":3,"minecraft:sugar_cane":1,"minecraft:chiseled_stone_bricks":5,"minecraft:seagrass":2,"naturalist:duckweed":5,"ecologics:seashell":1,"minecraft:mud":3,"minecraft:stone_brick_stairs":2,"minecraft:grass":10,"minecraft:oak_log":7,"minecraft:coal_ore":7,"minecraft:vine":1,"minecraft:sand":305,"minecraft:dirt":3,"minecraft:cobweb":9,"luminousworld:decorative_brown_2":1,"minecraft:cracked_stone_bricks":4,"minecraft:stone":9,"minecraft:stone_bricks":1,"minecraft:mossy_stone_bricks":8,"minecraft:oak_leaves":1},"minecraft:killed_by":{"undead_revamp2:therod":1,"minecraft:skeleton":1,"luminousworld:sunken_skeleton":1,"born_in_chaos_v1:corpse_fish":2,"iceandfire:ghost":12,"minecraft:drowned":1},"minecraft:killed":{"born_in_chaos_v1:swarmer":1,"luminousworld:sunken_skeleton":1,"enemyexpansion:direwolf":1,"born_in_chaos_v1:decrepit_skeleton":1,"born_in_chaos_v1:maggot":2,"alexsmobs:catfish":1,"luminousworld:swamp_skeleton":1,"minecraft:zombie":2,"naturalist:catfish":1,"iceandfire:ghost":9,"born_in_chaos_v1:corpse_fly":5,"minecraft:silverfish":3,"born_in_chaos_v1:corpse_fish":3,"minecraft:drowned":7},"minecraft:crafted":{"minecraft:oak_planks":28,"minecraft:stone_shovel":1,"minecraft:crafting_table":2,"minecraft:wooden_pickaxe":1,"ecologics:sandcastle":1,"minecraft:oak_boat":1,"minecraft:stick":12,"minecraft:stone_pickaxe":1,"minecraft:stone_sword":1,"minecraft:iron_shovel":1},"minecraft:used":{"naturalist:bass":3,"alexsmobs:raw_catfish":3,"naturalist:catfish":1,"ecologics:sandcastle":1,"minecraft:stone_sword":29,"minecraft:iron_shovel":113,"iceandfire:silver_sword":19,"minecraft:stone_shovel":129,"minecraft:stone_pickaxe":34,"minecraft:oak_planks":3,"minecraft:wooden_pickaxe":23,"minecraft:iron_sword":152,"luminousworld:groundpebbles_1":1,"minecraft:rotten_flesh":3,"minecraft:sand":1,"minecraft:crafting_table":5,"ecologics:coconut_slice":12,"minecraft:stone_axe":2,"minecraft:potion":1,"minecraft:cooked_cod":2,"tombstone:gift":4,"minecraft:oak_boat":6,"minecraft:bone_meal":1},"minecraft:custom":{"minecraft:mob_kills":39,"minecraft:interact_with_crafting_table":9,"minecraft:damage_dealt_resisted":10,"minecraft:leave_game":1,"minecraft:time_since_death":25332,"minecraft:climb_one_cm":5487,"minecraft:time_since_rest":23277,"minecraft:sprint_one_cm":68353,"minecraft:damage_taken":5439,"minecraft:walk_one_cm":132522,"minecraft:trigger_trapped_chest":4,"minecraft:drop":133,"minecraft:damage_dealt":8971,"minecraft:swim_one_cm":231890,"minecraft:fly_one_cm":94558,"minecraft:play_time":101517,"minecraft:crouch_one_cm":777,"minecraft:open_chest":10,"minecraft:sneak_time":1653,"tombstone:undead_killed":21,"minecraft:deaths":18,"minecraft:walk_under_water_one_cm":73906,"minecraft:boat_one_cm":1087376,"minecraft:jump":648,"minecraft:walk_on_water_one_cm":119701,"minecraft:total_world_time":101517,"minecraft:fall_one_cm":6249},"minecraft:broken":{"minecraft:stone_shovel":1}},"DataVersion":3465}