{"stats":{"minecraft:dropped":{"minecraft:wheat_seeds":1,"minecraft:dirt":3,"minecraft:wooden_pickaxe":1},"minecraft:killed":{"minecraft:pig":1,"minecraft:sheep":3,"minecraft:goat":3,"minecraft:chicken":3,"minecraft:enderman":1,"minecraft:cow":4},"minecraft:mined":{"minecraft:white_bed":2,"minecraft:crafting_table":4,"minecraft:grass_block":2,"minecraft:tall_grass":5,"minecraft:sugar_cane":4,"minecraft:furnace":3,"minecraft:birch_log":7,"minecraft:iron_ore":1,"minecraft:grass":13,"minecraft:coal_ore":11,"minecraft:oak_log":16,"minecraft:dirt":3,"minecraft:stone":80,"minecraft:oak_leaves":9},"minecraft:picked_up":{"minecraft:birch_log":7,"minecraft:crafting_table":4,"minecraft:feather":6,"minecraft:cooked_beef":4,"minecraft:chicken":3,"minecraft:leather":4,"minecraft:filled_map":1,"minecraft:oak_log":17,"minecraft:dirt":5,"minecraft:apple":1,"minecraft:wheat_seeds":1,"minecraft:iron_ingot":5,"minecraft:beef":10,"minecraft:oak_boat":1,"minecraft:poppy":2,"minecraft:sugar_cane":8,"minecraft:birch_sapling":5,"minecraft:furnace":3,"minecraft:egg":1,"minecraft:stick":3,"minecraft:raw_iron":1,"minecraft:porkchop":1,"minecraft:white_bed":3,"minecraft:oak_sapling":5,"minecraft:mutton":5,"minecraft:coal":11,"minecraft:white_wool":3,"minecraft:cobblestone":80},"minecraft:used":{"minecraft:stone_sword":1,"minecraft:stone_pickaxe":93,"minecraft:poppy":2,"minecraft:oak_planks":1,"minecraft:wooden_pickaxe":3,"minecraft:dirt":2,"minecraft:crafting_table":5,"minecraft:white_bed":3,"minecraft:apple":1,"minecraft:birch_sapling":4,"minecraft:stone_axe":47,"minecraft:oak_sapling":4,"minecraft:furnace":3,"minecraft:oak_boat":2,"minecraft:egg":1,"minecraft:cooked_beef":5},"minecraft:custom":{"minecraft:interact_with_furnace":16,"minecraft:mob_kills":15,"minecraft:interact_with_crafting_table":11,"minecraft:leave_game":1,"minecraft:time_since_death":58019,"minecraft:sleep_in_bed":4,"minecraft:time_since_rest":364,"minecraft:sprint_one_cm":125645,"minecraft:damage_taken":198,"minecraft:walk_one_cm":130331,"minecraft:drop":5,"minecraft:damage_dealt":1331,"minecraft:swim_one_cm":24862,"minecraft:talked_to_villager":1,"minecraft:fly_one_cm":571762,"minecraft:open_chest":2,"minecraft:crouch_one_cm":362,"minecraft:play_time":58019,"minecraft:sneak_time":346,"minecraft:walk_under_water_one_cm":10479,"minecraft:boat_one_cm":219573,"minecraft:jump":920,"minecraft:interact_with_brewingstand":1,"minecraft:walk_on_water_one_cm":8426,"minecraft:total_world_time":58019,"minecraft:fall_one_cm":19753},"minecraft:crafted":{"minecraft:cooked_beef":10,"minecraft:oak_planks":48,"minecraft:cooked_porkchop":1,"minecraft:crafting_table":2,"minecraft:wooden_pickaxe":1,"minecraft:cooked_chicken":3,"minecraft:furnace":1,"minecraft:birch_planks":28,"minecraft:stone_axe":1,"minecraft:cooked_mutton":5,"minecraft:air":0,"minecraft:oak_boat":1,"minecraft:stick":64,"minecraft:stone_pickaxe":1,"minecraft:white_bed":1}},"DataVersion":3465}