{"stats":{"minecraft:picked_up":{"luminousworld:groundpebbles_1":1,"minecraft:crafting_table":4,"minecraft:wheat":4,"ecologics:seashell":1,"minecraft:stone_brick_wall":1,"minecraft:stone_brick_stairs":1,"minecraft:brewing_stand":1,"minecraft:string":7,"minecraft:cracked_stone_bricks":5,"minecraft:oak_boat":11,"naturalist:catfish":1,"minecraft:sugar_cane":2,"minecraft:stick":4,"ecologics:coconut_slice":16,"minecraft:copper_ingot":1,"born_in_chaos_v1:phantom_powder":3,"minecraft:green_bed":2,"tombstone:grave_dust":4,"minecraft:rotten_flesh":25,"ecologics:coconut_log":5,"minecraft:cobblestone":13,"born_in_chaos_v1:corpse_maggot":4,"minecraft:oak_log":7,"minecraft:lily_pad":39,"iceandfire:ectoplasm":1,"minecraft:dirt":1,"naturalist:bass":3,"ecologics:music_disc_coconut":3,"minecraft:bone":1,"minecraft:kelp":2,"minecraft:mossy_stone_bricks":5,"minecraft:oak_planks":3,"minecraft:iron_sword":1,"minecraft:chiseled_stone_bricks":5,"minecraft:gravel":1,"minecraft:sand":118,"minecraft:spider_eye":4,"alexsmobs:raw_catfish":3,"minecraft:bundle":1,"minecraft:sugar":4,"minecraft:slime_ball":1,"minecraft:iron_helmet":2,"minecraft:bone_meal":2,"minecraft:chainmail_helmet":4,"minecraft:coal":7},"minecraft:dropped":{"ecologics:music_disc_coconut":4,"minecraft:glass_bottle":1,"iceandfire:ectoplasm":5,"minecraft:cracked_stone_bricks":5,"minecraft:chainmail_helmet":1,"iceandfire:graveyard_soil":1,"minecraft:dirt":5,"born_in_chaos_v1:phantom_powder":1,"minecraft:gold_nugget":7,"minecraft:bone_meal":1,"minecraft:sand":78,"minecraft:sugar":4,"minecraft:lily_pad":27,"minecraft:bone":6,"minecraft:gravel":1,"minecraft:kelp":3,"alexsmobs:animal_dictionary":1,"minecraft:wheat":4,"minecraft:rotten_flesh":18,"minecraft:clay_ball":12,"minecraft:chiseled_stone_bricks":5,"born_in_chaos_v1:corpse_maggot":4,"minecraft:stone_brick_wall":1,"ecologics:coconut_husk":12,"minecraft:spider_eye":4,"minecraft:wooden_pickaxe":1,"minecraft:stone_brick_stairs":1},"minecraft:mined":{"naturalist:cattail":2,"luminousworld:groundpebbles_1":1,"iceandfire:graveyard_soil":3,"minecraft:mossy_cobblestone":1,"luminousworld:grassvariant_4":1,"minecraft:brewing_stand":1,"minecraft:stone_brick_wall":1,"minecraft:grass_block":5,"minecraft:infested_cobblestone":1,"luminousworld:grassvariant_2":2,"ecologics:coconut_log":5,"minecraft:chiseled_stone_bricks":5,"luminousworld:yellow_grassflowers":1,"minecraft:vine":1,"illagerinvasion:magic_fire":15,"minecraft:stone":9,"luminousworld:decorative_brown_2":1,"minecraft:green_bed":2,"minecraft:kelp_plant":1,"minecraft:crafting_table":5,"minecraft:tall_grass":1,"minecraft:cobblestone":4,"minecraft:lily_pad":1,"minecraft:sugar_cane":1,"minecraft:oak_planks":3,"minecraft:seagrass":2,"naturalist:duckweed":6,"ecologics:seashell":1,"minecraft:mud":3,"minecraft:stone_brick_stairs":2,"minecraft:grass":12,"minecraft:coal_ore":7,"minecraft:oak_log":7,"minecraft:dirt":3,"minecraft:sand":305,"minecraft:cobweb":9,"minecraft:cracked_stone_bricks":4,"minecraft:stone_bricks":1,"minecraft:mossy_stone_bricks":8,"minecraft:oak_leaves":2},"minecraft:killed_by":{"undead_revamp2:the_moonflower":1,"luminousworld:dark_oak_zombie":1,"luminousworld:toxic_gator":1,"minecraft:drowned":1,"born_in_chaos_v1:phantom_creeper_copy":1,"minecraft:vindicator":1,"undead_revamp2:therod":1,"minecraft:skeleton":4,"luminousworld:sunken_skeleton":1,"born_in_chaos_v1:corpse_fish":2,"iceandfire:ghost":12},"minecraft:killed":{"minecraft:witch":1,"undead_revamp2:theimmortal":4,"minecraft:vindicator":1,"minecraft:spider":2,"luminousworld:sunken_skeleton":1,"undead_revamp2:bomber":1,"enemyexpansion:direwolf":1,"born_in_chaos_v1:maggot":2,"luminousworld:swamp_skeleton":2,"minecraft:silverfish":3,"minecraft:drowned":7,"born_in_chaos_v1:corpse_fish":3,"born_in_chaos_v1:swarmer":1,"born_in_chaos_v1:decrepit_skeleton":1,"alexsmobs:catfish":1,"minecraft:zombie":2,"naturalist:catfish":1,"iceandfire:ghost":9,"born_in_chaos_v1:dread_hound":1,"born_in_chaos_v1:corpse_fly":5},"minecraft:crafted":{"minecraft:oak_planks":28,"minecraft:stone_shovel":1,"ecologics:coconut_planks":20,"minecraft:stone_pickaxe":1,"minecraft:crafting_table":2,"minecraft:wooden_pickaxe":1,"ecologics:sandcastle":1,"minecraft:bread":4,"minecraft:oak_boat":1,"minecraft:stick":24,"minecraft:stone_sword":1,"minecraft:iron_shovel":1},"minecraft:used":{"naturalist:catfish":1,"ecologics:sandcastle":1,"minecraft:stone_sword":29,"minecraft:iron_shovel":114,"iceandfire:silver_sword":19,"minecraft:stone_shovel":129,"minecraft:iron_sword":225,"ecologics:coconut_planks":14,"minecraft:cooked_salmon":4,"minecraft:rotten_flesh":3,"minecraft:cooked_cod":6,"tombstone:gift":4,"naturalist:bass":3,"alexsmobs:raw_catfish":3,"minecraft:stone_pickaxe":35,"minecraft:oak_planks":3,"minecraft:wooden_pickaxe":23,"luminousworld:groundpebbles_1":1,"minecraft:green_bed":2,"minecraft:sand":1,"minecraft:crafting_table":5,"minecraft:stone_axe":2,"ecologics:coconut_slice":12,"minecraft:potion":1,"minecraft:oak_boat":13,"minecraft:bone_meal":1},"minecraft:custom":{"minecraft:mob_kills":51,"minecraft:interact_with_crafting_table":10,"minecraft:damage_dealt_resisted":10,"minecraft:leave_game":1,"minecraft:time_since_death":5762,"minecraft:climb_one_cm":7312,"minecraft:sprint_one_cm":192250,"minecraft:walk_one_cm":212970,"minecraft:drop":152,"minecraft:play_time":137517,"minecraft:deaths":26,"minecraft:sneak_time":2015,"minecraft:walk_under_water_one_cm":85997,"minecraft:boat_one_cm":1266746,"minecraft:jump":1205,"minecraft:interact_with_brewingstand":4,"minecraft:walk_on_water_one_cm":143661,"minecraft:total_world_time":137517,"tombstone:raider_killed":2,"minecraft:sleep_in_bed":1,"minecraft:time_since_rest":4732,"minecraft:damage_taken":8384,"minecraft:trigger_trapped_chest":4,"minecraft:damage_dealt":12199,"minecraft:swim_one_cm":325523,"minecraft:fly_one_cm":201635,"minecraft:open_chest":12,"minecraft:crouch_one_cm":1139,"tombstone:undead_killed":27,"minecraft:fall_one_cm":14590},"minecraft:broken":{"minecraft:stone_shovel":1}},"DataVersion":3465}