{"stats":{"minecraft:crafted":{"minecraft:oak_planks":28,"minecraft:stone_shovel":1,"minecraft:crafting_table":1,"minecraft:wooden_pickaxe":1,"ecologics:sandcastle":1,"minecraft:oak_boat":1,"minecraft:stick":8,"minecraft:stone_pickaxe":1,"minecraft:stone_sword":1},"minecraft:killed_by":{"luminousworld:sunken_skeleton":1,"iceandfire:ghost":2},"minecraft:used":{"ecologics:sandcastle":1,"minecraft:stone_sword":27,"minecraft:stone_shovel":5,"minecraft:stone_pickaxe":8,"minecraft:oak_planks":3,"minecraft:wooden_pickaxe":23,"minecraft:iron_sword":18,"luminousworld:groundpebbles_1":1,"minecraft:sand":1,"minecraft:crafting_table":3,"ecologics:coconut_slice":6,"tombstone:gift":2,"minecraft:oak_boat":2,"minecraft:bone_meal":1},"minecraft:mined":{"luminousworld:groundpebbles_1":1,"iceandfire:graveyard_soil":3,"minecraft:kelp_plant":1,"minecraft:crafting_table":3,"minecraft:infested_cobblestone":1,"minecraft:tall_grass":1,"minecraft:cobblestone":1,"ecologics:coconut_log":5,"minecraft:oak_planks":3,"minecraft:sugar_cane":1,"ecologics:seashell":1,"minecraft:grass":5,"minecraft:coal_ore":7,"minecraft:oak_log":7,"minecraft:vine":1,"minecraft:sand":6,"minecraft:stone":9,"minecraft:oak_leaves":1},"minecraft:picked_up":{"luminousworld:groundpebbles_1":1,"born_in_chaos_v1:corpse_maggot":4,"minecraft:crafting_table":3,"ecologics:seashell":1,"minecraft:oak_log":7,"minecraft:lily_pad":12,"minecraft:kelp":2,"minecraft:oak_boat":1,"minecraft:sugar_cane":2,"minecraft:oak_planks":3,"minecraft:iron_sword":1,"ecologics:coconut_slice":10,"minecraft:sand":6,"minecraft:rotten_flesh":3,"minecraft:slime_ball":1,"ecologics:coconut_log":5,"minecraft:bone_meal":1,"minecraft:coal":7,"minecraft:cobblestone":10},"minecraft:dropped":{"minecraft:kelp":3,"alexsmobs:animal_dictionary":1,"born_in_chaos_v1:corpse_maggot":4,"minecraft:wooden_pickaxe":1},"minecraft:killed":{"born_in_chaos_v1:swarmer":1,"luminousworld:sunken_skeleton":1,"born_in_chaos_v1:maggot":2,"iceandfire:ghost":1,"born_in_chaos_v1:corpse_fly":5,"minecraft:silverfish":3,"born_in_chaos_v1:corpse_fish":2},"minecraft:custom":{"minecraft:mob_kills":15,"minecraft:interact_with_crafting_table":6,"minecraft:damage_dealt_resisted":10,"minecraft:leave_game":1,"minecraft:time_since_death":5021,"minecraft:climb_one_cm":1564,"minecraft:time_since_rest":4299,"minecraft:sprint_one_cm":17348,"minecraft:damage_taken":1065,"minecraft:walk_one_cm":61342,"minecraft:trigger_trapped_chest":1,"minecraft:drop":4,"minecraft:damage_dealt":2225,"minecraft:swim_one_cm":13778,"minecraft:fly_one_cm":20532,"minecraft:crouch_one_cm":301,"minecraft:play_time":36015,"tombstone:undead_killed":2,"minecraft:deaths":3,"minecraft:sneak_time":1274,"minecraft:walk_under_water_one_cm":25074,"minecraft:boat_one_cm":643182,"minecraft:jump":202,"minecraft:walk_on_water_one_cm":19822,"minecraft:total_world_time":36015,"minecraft:fall_one_cm":1563}},"DataVersion":3465}