{"stats":{"minecraft:dropped":{"minecraft:wheat_seeds":1,"minecraft:composter":3,"minecraft:dirt":3,"minecraft:wooden_pickaxe":1,"minecraft:redstone":12},"minecraft:killed":{"minecraft:pig":1,"minecraft:sheep":3,"minecraft:goat":3,"minecraft:chicken":3,"minecraft:enderman":1,"minecraft:cow":4},"minecraft:mined":{"minecraft:white_bed":2,"minecraft:crafting_table":4,"minecraft:grass_block":2,"minecraft:tall_grass":6,"minecraft:oak_planks":1,"minecraft:composter":3,"minecraft:sugar_cane":4,"minecraft:hay_block":11,"minecraft:seagrass":2,"minecraft:furnace":3,"minecraft:carrots":2,"minecraft:wheat":8,"minecraft:birch_log":7,"minecraft:iron_ore":1,"minecraft:fletching_table":2,"minecraft:grass":18,"minecraft:potatoes":2,"minecraft:coal_ore":11,"minecraft:oak_log":25,"minecraft:gravel":21,"minecraft:dirt":4,"minecraft:stone":80,"minecraft:oak_leaves":20},"minecraft:picked_up":{"minecraft:birch_log":7,"minecraft:crafting_table":4,"minecraft:feather":6,"minecraft:cooked_beef":4,"minecraft:chicken":3,"minecraft:leather":4,"minecraft:potato":2,"minecraft:filled_map":1,"minecraft:flint":2,"minecraft:oak_log":26,"minecraft:dirt":5,"minecraft:apple":1,"minecraft:wheat_seeds":9,"minecraft:iron_ingot":5,"minecraft:beef":10,"minecraft:oak_boat":2,"minecraft:fletching_table":2,"minecraft:poppy":2,"minecraft:sugar_cane":8,"minecraft:birch_sapling":5,"minecraft:oak_planks":1,"minecraft:furnace":3,"minecraft:egg":1,"minecraft:stick":4,"minecraft:raw_iron":1,"minecraft:composter":3,"minecraft:gravel":19,"minecraft:porkchop":1,"minecraft:carrot":2,"minecraft:white_bed":3,"minecraft:hay_block":11,"minecraft:oak_sapling":7,"minecraft:mutton":5,"minecraft:coal":11,"minecraft:white_wool":3,"minecraft:cobblestone":80},"minecraft:used":{"minecraft:stone_sword":1,"minecraft:stone_pickaxe":93,"minecraft:poppy":2,"minecraft:oak_planks":1,"minecraft:wooden_pickaxe":3,"minecraft:fletching_table":3,"minecraft:dirt":2,"minecraft:crafting_table":5,"minecraft:white_bed":3,"minecraft:apple":1,"minecraft:bread":2,"minecraft:birch_sapling":4,"minecraft:gravel":19,"minecraft:stone_axe":81,"minecraft:hay_block":3,"minecraft:oak_sapling":4,"minecraft:furnace":3,"minecraft:oak_boat":2,"minecraft:egg":1,"minecraft:potato":12,"minecraft:cooked_beef":6},"minecraft:custom":{"minecraft:interact_with_furnace":16,"minecraft:mob_kills":15,"minecraft:traded_with_villager":12,"minecraft:interact_with_crafting_table":13,"minecraft:leave_game":1,"minecraft:time_since_death":70019,"minecraft:sleep_in_bed":4,"minecraft:time_since_rest":12364,"minecraft:sprint_one_cm":182385,"minecraft:damage_taken":258,"minecraft:walk_one_cm":176112,"minecraft:drop":20,"minecraft:damage_dealt":1331,"minecraft:swim_one_cm":24862,"minecraft:talked_to_villager":8,"minecraft:fly_one_cm":629769,"minecraft:open_chest":2,"minecraft:crouch_one_cm":516,"minecraft:play_time":70019,"minecraft:sneak_time":392,"minecraft:walk_under_water_one_cm":10611,"minecraft:boat_one_cm":219573,"minecraft:jump":1216,"minecraft:interact_with_brewingstand":1,"minecraft:walk_on_water_one_cm":9271,"minecraft:total_world_time":70019,"minecraft:fall_one_cm":26542},"minecraft:crafted":{"minecraft:cooked_beef":10,"minecraft:oak_planks":84,"minecraft:redstone":18,"minecraft:emerald":3,"minecraft:cooked_porkchop":1,"minecraft:crafting_table":2,"minecraft:wooden_pickaxe":1,"minecraft:cooked_chicken":3,"minecraft:furnace":1,"minecraft:fletching_table":1,"minecraft:birch_planks":28,"minecraft:stone_axe":1,"minecraft:cooked_mutton":5,"minecraft:air":0,"minecraft:oak_boat":1,"minecraft:stick":160,"minecraft:stone_pickaxe":1,"minecraft:white_bed":1}},"DataVersion":3465}