{"stats":{"minecraft:picked_up":{"luminousworld:groundpebbles_1":1,"minecraft:crafting_table":3,"ecologics:coconut_slice":6,"ecologics:seashell":1,"minecraft:sand":6,"minecraft:oak_log":7,"minecraft:lily_pad":5,"ecologics:coconut_log":5,"minecraft:oak_boat":1,"minecraft:bone_meal":1,"minecraft:sugar_cane":2,"minecraft:oak_planks":3,"minecraft:coal":7,"minecraft:cobblestone":10},"minecraft:dropped":{"alexsmobs:animal_dictionary":1,"minecraft:wooden_pickaxe":1},"minecraft:mined":{"luminousworld:groundpebbles_1":1,"iceandfire:graveyard_soil":3,"ecologics:seashell":1,"minecraft:crafting_table":3,"minecraft:grass":5,"minecraft:coal_ore":7,"minecraft:oak_log":7,"minecraft:infested_cobblestone":1,"minecraft:vine":1,"minecraft:sand":6,"minecraft:tall_grass":1,"minecraft:cobblestone":1,"ecologics:coconut_log":5,"minecraft:stone":9,"minecraft:oak_planks":3,"minecraft:sugar_cane":1,"minecraft:oak_leaves":1},"minecraft:killed_by":{"iceandfire:ghost":1},"minecraft:killed":{"minecraft:silverfish":3,"born_in_chaos_v1:corpse_fish":2},"minecraft:crafted":{"minecraft:oak_boat":1,"minecraft:oak_planks":28,"minecraft:stone_shovel":1,"minecraft:crafting_table":1,"minecraft:stick":8,"minecraft:wooden_pickaxe":1,"minecraft:stone_pickaxe":1,"minecraft:stone_sword":1,"ecologics:sandcastle":1},"minecraft:used":{"minecraft:stone_sword":9,"ecologics:sandcastle":1,"minecraft:stone_shovel":4,"minecraft:stone_pickaxe":8,"minecraft:oak_planks":3,"minecraft:wooden_pickaxe":23,"luminousworld:groundpebbles_1":1,"ecologics:coconut_slice":6,"minecraft:sand":1,"minecraft:crafting_table":3,"minecraft:oak_boat":1,"minecraft:bone_meal":1},"minecraft:custom":{"minecraft:time_since_rest":1,"minecraft:sprint_one_cm":11539,"minecraft:damage_taken":330,"minecraft:walk_one_cm":43451,"minecraft:trigger_trapped_chest":1,"minecraft:mob_kills":5,"minecraft:drop":2,"minecraft:damage_dealt":670,"minecraft:swim_one_cm":7633,"minecraft:interact_with_crafting_table":6,"minecraft:fly_one_cm":11140,"minecraft:crouch_one_cm":266,"minecraft:play_time":25420,"minecraft:deaths":1,"minecraft:sneak_time":1147,"minecraft:walk_under_water_one_cm":184,"minecraft:boat_one_cm":526947,"minecraft:jump":146,"minecraft:leave_game":1,"minecraft:walk_on_water_one_cm":4202,"minecraft:time_since_death":793,"minecraft:climb_one_cm":1339,"minecraft:total_world_time":25420,"minecraft:fall_one_cm":1314}},"DataVersion":3465}