{"stats":{"minecraft:picked_up":{"minecraft:birch_log":2,"born_in_chaos_v1:corpse_maggot":1,"minecraft:crafting_table":2,"minecraft:wheat":1,"minecraft:oak_log":10,"minecraft:dirt":1,"minecraft:string":29,"minecraft:lantern":2,"minecraft:cooked_mutton":1,"minecraft:bone":5,"minecraft:apple":3,"iceandfire:pixie_jar_empty":4,"minecraft:bow":1,"minecraft:wheat_seeds":4,"minecraft:gold_nugget":90,"minecraft:rabbit_hide":5,"minecraft:iron_ingot":1,"minecraft:stone_pickaxe":1,"tombstone:bag_of_seeds":1,"minecraft:coal_block":35,"minecraft:iron_sword":2,"minecraft:oak_planks":8,"minecraft:piston":1,"minecraft:furnace":2,"minecraft:book":30,"iceandfire:copper_nugget":14,"minecraft:blast_furnace":1,"minecraft:stone_pressure_plate":2,"minecraft:rabbit_foot":2,"minecraft:tnt":3,"minecraft:arrow":2,"minecraft:rotten_flesh":6,"minecraft:stone_axe":1,"iceandfire:lectern":2,"minecraft:chainmail_leggings":1,"minecraft:hay_block":17,"minecraft:emerald":1,"minecraft:bread":1,"iceandfire:silver_nugget":50,"minecraft:coal":22,"minecraft:cobblestone":20},"minecraft:custom":{"minecraft:interact_with_smithing_table":1,"minecraft:interact_with_furnace":5,"minecraft:mob_kills":10,"minecraft:traded_with_villager":5,"minecraft:interact_with_crafting_table":10,"minecraft:open_barrel":1,"minecraft:time_since_death":53579,"minecraft:sleep_in_bed":3,"minecraft:climb_one_cm":8312,"minecraft:time_since_rest":5102,"minecraft:sprint_one_cm":75326,"minecraft:damage_taken":481,"minecraft:walk_one_cm":288380,"minecraft:drop":10,"minecraft:damage_dealt":1045,"minecraft:swim_one_cm":15681,"minecraft:talked_to_villager":11,"minecraft:fly_one_cm":49152,"minecraft:open_chest":17,"minecraft:crouch_one_cm":631,"minecraft:play_time":53579,"tombstone:undead_killed":5,"minecraft:sneak_time":382,"minecraft:walk_under_water_one_cm":12382,"minecraft:jump":510,"minecraft:interact_with_blast_furnace":3,"minecraft:walk_on_water_one_cm":5170,"minecraft:total_world_time":53579,"minecraft:fall_one_cm":9069},"minecraft:dropped":{"minecraft:stone_axe":1,"minecraft:wheat_seeds":4,"alexsmobs:animal_dictionary":1,"minecraft:tnt":1,"minecraft:rabbit_hide":5,"supplementaries:flax_seeds":3,"iceandfire:copper_nugget":14,"minecraft:gold_nugget":2,"minecraft:stone_pickaxe":1,"minecraft:wooden_pickaxe":1},"minecraft:used":{"iceandfire:lectern":1,"minecraft:cooked_mutton":1,"iceandfire:silver_sword":34,"minecraft:birch_planks":8,"minecraft:oak_planks":9,"minecraft:chorus_fruit":1,"minecraft:stone_pickaxe":79,"minecraft:wooden_pickaxe":3,"minecraft:iron_chestplate":1,"minecraft:dirt":1,"minecraft:tnt":1,"minecraft:crafting_table":3,"tombstone:bag_of_seeds":2,"minecraft:lantern":2,"minecraft:bread":9,"minecraft:iron_helmet":1,"minecraft:iron_boots":1,"minecraft:golden_leggings":1,"minecraft:golden_helmet":1,"minecraft:stone_axe":64,"minecraft:hay_block":3,"alexsmobs:animal_dictionary":1,"minecraft:stone_pressure_plate":2,"iceandfire:pixie_jar_empty":1,"minecraft:iron_leggings":1},"minecraft:killed":{"undead_revamp2:thehunter":1,"earthmobsmod:jumbo_rabbit":2,"undead_revamp2:the_moonflower":1,"enemyexpansion:sprinter":1,"born_in_chaos_v1:decrepit_skeleton":1,"born_in_chaos_v1:maggot":2,"luminousworld:savannah_skeleton":1,"alexsmobs:terrapin":1},"minecraft:mined":{"iceandfire:pixie_jar_empty":4,"minecraft:stone_pressure_plate":1,"iceandfire:copper_pile":2,"minecraft:crafting_table":2,"minecraft:blast_furnace":1,"minecraft:grass_block":1,"iceandfire:lectern":2,"minecraft:coal_block":35,"minecraft:oak_planks":8,"minecraft:seagrass":1,"minecraft:hay_block":17,"minecraft:furnace":2,"minecraft:birch_log":2,"minecraft:tnt":2,"minecraft:stone_brick_stairs":1,"iceandfire:silver_pile":15,"minecraft:grass":2,"minecraft:bookshelf":10,"minecraft:oak_log":10,"minecraft:coal_ore":7,"iceandfire:gold_pile":15,"luminousworld:grassvariant_3":1,"minecraft:cobweb":29,"minecraft:stone":20,"luminousworld:elephant_grass":2,"luminousworld:savannah_grass_4":2,"minecraft:piston":1},"minecraft:crafted":{"minecraft:oak_planks":40,"minecraft:arrow":80,"iceandfire:silver_ingot":2,"minecraft:crafting_table":1,"minecraft:wooden_pickaxe":1,"minecraft:birch_planks":8,"minecraft:stone_axe":1,"minecraft:air":0,"minecraft:bread":42,"minecraft:golden_apple":1,"minecraft:stick":8,"minecraft:stone_pickaxe":1,"minecraft:gold_ingot":10,"iceandfire:silver_sword":1,"minecraft:wheat":126}},"DataVersion":3465}