{"stats":{"minecraft:dropped":{"minecraft:dirt":3,"minecraft:wooden_pickaxe":1},"minecraft:mined":{"minecraft:white_bed":2,"minecraft:furnace":2,"minecraft:birch_log":7,"minecraft:crafting_table":4,"minecraft:grass":13,"minecraft:grass_block":2,"minecraft:oak_log":16,"minecraft:coal_ore":10,"minecraft:dirt":3,"minecraft:tall_grass":5,"minecraft:stone":68,"minecraft:sugar_cane":4,"minecraft:oak_leaves":9},"minecraft:killed":{"minecraft:sheep":3,"minecraft:goat":3,"minecraft:pig":1,"minecraft:chicken":3,"minecraft:cow":4},"minecraft:picked_up":{"minecraft:birch_log":7,"minecraft:stick":3,"minecraft:crafting_table":4,"minecraft:feather":6,"minecraft:chicken":3,"minecraft:leather":4,"minecraft:porkchop":1,"minecraft:oak_log":17,"minecraft:white_bed":3,"minecraft:dirt":5,"minecraft:apple":1,"minecraft:wheat_seeds":1,"minecraft:beef":10,"minecraft:oak_boat":1,"minecraft:oak_sapling":5,"minecraft:mutton":5,"minecraft:sugar_cane":8,"minecraft:birch_sapling":5,"minecraft:coal":10,"minecraft:egg":1,"minecraft:white_wool":3,"minecraft:cobblestone":67,"minecraft:furnace":2},"minecraft:used":{"minecraft:apple":1,"minecraft:oak_planks":1,"minecraft:stone_pickaxe":78,"minecraft:birch_sapling":4,"minecraft:wooden_pickaxe":3,"minecraft:stone_axe":47,"minecraft:dirt":2,"minecraft:crafting_table":5,"minecraft:furnace":3,"minecraft:oak_sapling":4,"minecraft:egg":1,"minecraft:oak_boat":1,"minecraft:white_bed":3,"minecraft:cooked_beef":2},"minecraft:crafted":{"minecraft:cooked_beef":10,"minecraft:oak_boat":1,"minecraft:oak_planks":48,"minecraft:cooked_porkchop":1,"minecraft:crafting_table":2,"minecraft:stick":64,"minecraft:wooden_pickaxe":1,"minecraft:cooked_chicken":3,"minecraft:stone_pickaxe":1,"minecraft:furnace":1,"minecraft:white_bed":1,"minecraft:birch_planks":28,"minecraft:stone_axe":1,"minecraft:air":0,"minecraft:cooked_mutton":5},"minecraft:custom":{"minecraft:time_since_rest":7694,"minecraft:sprint_one_cm":87298,"minecraft:interact_with_furnace":16,"minecraft:damage_taken":198,"minecraft:walk_one_cm":105931,"minecraft:mob_kills":14,"minecraft:drop":4,"minecraft:damage_dealt":1306,"minecraft:swim_one_cm":10270,"minecraft:interact_with_crafting_table":11,"minecraft:fly_one_cm":153694,"minecraft:crouch_one_cm":207,"minecraft:play_time":34019,"minecraft:sneak_time":201,"minecraft:walk_under_water_one_cm":3089,"minecraft:boat_one_cm":44415,"minecraft:jump":684,"minecraft:leave_game":1,"minecraft:time_since_death":34019,"minecraft:walk_on_water_one_cm":1116,"minecraft:sleep_in_bed":3,"minecraft:total_world_time":34019,"minecraft:fall_one_cm":14470}},"DataVersion":3465}