{"stats":{"minecraft:picked_up":{"minecraft:birch_log":2,"minecraft:crafting_table":2,"minecraft:wheat":1,"minecraft:oak_log":10,"minecraft:dirt":1,"minecraft:string":29,"minecraft:lantern":2,"minecraft:cooked_mutton":1,"minecraft:bone":2,"iceandfire:pixie_jar_empty":3,"minecraft:bow":1,"minecraft:gold_nugget":90,"minecraft:rabbit_hide":5,"minecraft:stone_pickaxe":1,"tombstone:bag_of_seeds":1,"minecraft:coal_block":32,"minecraft:iron_sword":2,"minecraft:oak_planks":8,"minecraft:piston":1,"minecraft:furnace":2,"minecraft:book":30,"iceandfire:copper_nugget":14,"minecraft:stone_pressure_plate":2,"minecraft:rabbit_foot":2,"minecraft:tnt":1,"minecraft:rotten_flesh":6,"iceandfire:lectern":1,"minecraft:hay_block":17,"minecraft:bread":1,"iceandfire:silver_nugget":50,"minecraft:coal":22,"minecraft:cobblestone":20},"minecraft:custom":{"minecraft:interact_with_smithing_table":1,"minecraft:interact_with_furnace":4,"minecraft:mob_kills":5,"minecraft:traded_with_villager":5,"minecraft:interact_with_crafting_table":7,"minecraft:open_barrel":1,"minecraft:time_since_death":41579,"minecraft:sleep_in_bed":2,"minecraft:climb_one_cm":7625,"minecraft:time_since_rest":12183,"minecraft:sprint_one_cm":57649,"minecraft:damage_taken":140,"minecraft:walk_one_cm":205949,"minecraft:drop":6,"minecraft:damage_dealt":475,"minecraft:swim_one_cm":15075,"minecraft:talked_to_villager":10,"minecraft:fly_one_cm":39179,"minecraft:open_chest":17,"minecraft:crouch_one_cm":527,"minecraft:play_time":41579,"tombstone:undead_killed":3,"minecraft:sneak_time":296,"minecraft:walk_under_water_one_cm":9251,"minecraft:jump":340,"minecraft:walk_on_water_one_cm":4146,"minecraft:total_world_time":41579,"minecraft:fall_one_cm":6535},"minecraft:dropped":{"alexsmobs:animal_dictionary":1,"minecraft:rabbit_hide":5,"supplementaries:flax_seeds":3,"iceandfire:copper_nugget":14,"minecraft:stone_pickaxe":1,"minecraft:wooden_pickaxe":1},"minecraft:used":{"iceandfire:silver_sword":34,"minecraft:birch_planks":8,"minecraft:oak_planks":9,"minecraft:chorus_fruit":1,"minecraft:stone_pickaxe":74,"minecraft:wooden_pickaxe":3,"minecraft:iron_chestplate":1,"minecraft:dirt":1,"minecraft:crafting_table":2,"tombstone:bag_of_seeds":2,"minecraft:lantern":2,"minecraft:bread":4,"minecraft:iron_helmet":1,"minecraft:iron_boots":1,"minecraft:golden_leggings":1,"minecraft:golden_helmet":1,"minecraft:stone_axe":46,"minecraft:hay_block":3,"alexsmobs:animal_dictionary":1,"minecraft:stone_pressure_plate":2,"minecraft:iron_leggings":1},"minecraft:killed":{"undead_revamp2:thehunter":1,"earthmobsmod:jumbo_rabbit":2,"undead_revamp2:the_moonflower":1,"born_in_chaos_v1:decrepit_skeleton":1},"minecraft:mined":{"iceandfire:pixie_jar_empty":3,"minecraft:stone_pressure_plate":1,"iceandfire:copper_pile":2,"minecraft:crafting_table":2,"minecraft:grass_block":1,"iceandfire:lectern":1,"minecraft:coal_block":32,"minecraft:oak_planks":8,"minecraft:seagrass":1,"minecraft:hay_block":17,"minecraft:furnace":2,"minecraft:birch_log":2,"minecraft:tnt":1,"iceandfire:silver_pile":15,"minecraft:grass":2,"minecraft:bookshelf":10,"minecraft:oak_log":10,"minecraft:coal_ore":7,"iceandfire:gold_pile":15,"luminousworld:grassvariant_3":1,"minecraft:cobweb":29,"minecraft:stone":20,"luminousworld:savannah_grass_4":1,"minecraft:piston":1},"minecraft:crafted":{"minecraft:oak_planks":40,"minecraft:arrow":80,"iceandfire:silver_ingot":2,"minecraft:crafting_table":1,"minecraft:wooden_pickaxe":1,"minecraft:birch_planks":8,"minecraft:stone_axe":1,"minecraft:air":0,"minecraft:bread":42,"minecraft:stick":8,"minecraft:stone_pickaxe":1,"iceandfire:silver_sword":1,"minecraft:wheat":126}},"DataVersion":3465}