{"stats":{"minecraft:dropped":{"minecraft:enchanted_book":2,"minecraft:golden_boots":2,"minecraft:bread":64,"minecraft:soul_sand":68,"minecraft:wheat_seeds":12,"minecraft:lapis_lazuli":14,"minecraft:golden_helmet":1,"minecraft:glass_bottle":2,"minecraft:ender_pearl":5,"minecraft:crafting_table":1,"minecraft:weeping_vines":1,"minecraft:warped_roots":1,"minecraft:dirt":4,"minecraft:nether_wart_block":1,"minecraft:fire_charge":2,"minecraft:gold_nugget":4,"minecraft:sand":34,"minecraft:iron_pickaxe":2,"minecraft:white_wool":1,"minecraft:gold_ingot":138,"minecraft:redstone":104,"minecraft:gravel":126,"minecraft:blackstone":22,"minecraft:warped_nylium":1,"minecraft:iron_nugget":4,"minecraft:blaze_rod":2,"minecraft:nether_brick":28,"minecraft:composter":3,"minecraft:rotten_flesh":1,"minecraft:white_bed":1,"minecraft:carrot":2,"minecraft:filled_map":1,"minecraft:oak_sapling":1,"minecraft:basalt":97,"minecraft:arrow":1,"minecraft:wooden_pickaxe":1,"minecraft:netherrack":225,"minecraft:splash_potion":1},"minecraft:killed":{"minecraft:chicken":3,"minecraft:drowned":2,"minecraft:pig":1,"minecraft:hoglin":1,"minecraft:sheep":5,"minecraft:goat":3,"minecraft:wither_skeleton":1,"minecraft:blaze":23,"minecraft:enderman":4,"minecraft:cow":4},"minecraft:mined":{"minecraft:nether_gold_ore":41,"minecraft:white_bed":5,"minecraft:oak_sapling":1,"minecraft:grass_block":2,"minecraft:crimson_roots":2,"minecraft:soul_soil":2,"minecraft:composter":3,"minecraft:frosted_ice":3,"minecraft:spawner":1,"minecraft:hay_block":86,"minecraft:glowstone":1,"minecraft:furnace":3,"minecraft:carrots":2,"minecraft:nether_sprouts":1,"minecraft:iron_ore":1,"minecraft:fire":35,"minecraft:fletching_table":2,"minecraft:potatoes":2,"minecraft:stone":80,"minecraft:blackstone":32,"minecraft:crimson_nylium":13,"minecraft:basalt":90,"minecraft:crafting_table":10,"minecraft:nether_quartz_ore":37,"minecraft:tall_grass":6,"minecraft:cobblestone":9,"minecraft:sugar_cane":4,"minecraft:oak_planks":1,"minecraft:seagrass":2,"minecraft:warped_nylium":2,"minecraft:nether_wart_block":1,"minecraft:birch_log":7,"minecraft:wheat":8,"minecraft:grass":25,"minecraft:oak_log":127,"minecraft:coal_ore":11,"minecraft:gravel":24,"minecraft:sand":34,"minecraft:dirt":5,"minecraft:netherrack":513,"minecraft:mossy_stone_bricks":2,"minecraft:oak_leaves":56,"minecraft:suspicious_gravel":2},"minecraft:broken":{"minecraft:stone_sword":1,"minecraft:stone_pickaxe":2,"minecraft:stone_axe":2,"minecraft:iron_pickaxe":2},"minecraft:killed_by":{"minecraft:ghast":2,"minecraft:blaze":2},"minecraft:picked_up":{"minecraft:crafting_table":10,"minecraft:wheat":10,"minecraft:splash_potion":9,"minecraft:chicken":3,"minecraft:potion":6,"minecraft:enchanted_book":6,"minecraft:nether_brick":35,"minecraft:string":16,"minecraft:flint_and_steel":1,"minecraft:blackstone":146,"minecraft:gold_nugget":227,"minecraft:beef":10,"minecraft:oak_boat":3,"minecraft:ender_eye":2,"minecraft:poppy":2,"minecraft:iron_pickaxe":3,"minecraft:sugar_cane":8,"minecraft:birch_sapling":5,"minecraft:iron_boots":1,"minecraft:egg":1,"minecraft:furnace":6,"minecraft:stick":400,"minecraft:raw_iron":1,"minecraft:composter":3,"minecraft:fire_charge":2,"minecraft:porkchop":1,"minecraft:carrot":2,"minecraft:prismarine_crystals":24,"minecraft:arrow":1,"minecraft:stone_sword":3,"minecraft:weeping_vines":1,"minecraft:rotten_flesh":1,"minecraft:hay_block":86,"minecraft:gold_ingot":7,"minecraft:blaze_rod":11,"minecraft:obsidian":5,"minecraft:blaze_powder":12,"minecraft:mutton":7,"minecraft:cobblestone":83,"minecraft:white_wool":4,"minecraft:birch_log":7,"minecraft:basalt":131,"minecraft:feather":6,"minecraft:cooked_beef":4,"minecraft:water_bucket":3,"minecraft:leather":20,"minecraft:potato":2,"minecraft:filled_map":1,"minecraft:flint":2,"minecraft:oak_log":127,"minecraft:golden_boots":4,"minecraft:nether_wart_block":1,"minecraft:dirt":6,"minecraft:apple":12,"minecraft:wheat_seeds":12,"minecraft:stone_pickaxe":2,"minecraft:iron_ingot":20,"minecraft:mossy_stone_bricks":2,"minecraft:fletching_table":2,"minecraft:glowstone_dust":3,"minecraft:soul_sand":68,"minecraft:oak_planks":1,"minecraft:quartz":126,"minecraft:gravel":150,"minecraft:sand":34,"minecraft:white_bed":10,"minecraft:crying_obsidian":5,"minecraft:spectral_arrow":59,"minecraft:warped_roots":3,"minecraft:warped_nylium":3,"minecraft:bread":18,"minecraft:emerald":9,"minecraft:oak_sapling":20,"minecraft:black_wool":1,"minecraft:netherrack":1332,"minecraft:coal":11,"minecraft:crimson_roots":2,"minecraft:ender_pearl":9},"minecraft:used":{"minecraft:stone_sword":151,"minecraft:flint_and_steel":4,"minecraft:poppy":2,"minecraft:stone":13,"minecraft:iron_sword":3,"minecraft:netherrack":367,"minecraft:dirt":2,"minecraft:obsidian":28,"minecraft:lava_bucket":3,"minecraft:birch_sapling":4,"minecraft:crimson_roots":2,"minecraft:basalt":2,"minecraft:hay_block":3,"minecraft:furnace":3,"minecraft:oak_sapling":18,"minecraft:cooked_cod":6,"minecraft:egg":1,"minecraft:cooked_beef":6,"minecraft:potato":12,"minecraft:cooked_mutton":2,"minecraft:mossy_stone_bricks":2,"minecraft:water_bucket":6,"minecraft:stone_pickaxe":341,"minecraft:oak_planks":1,"minecraft:blackstone":27,"minecraft:ender_pearl":2,"minecraft:wooden_pickaxe":3,"minecraft:fletching_table":3,"minecraft:golden_apple":1,"minecraft:crafting_table":10,"minecraft:white_bed":6,"minecraft:oak_log":3,"minecraft:black_wool":1,"minecraft:apple":8,"minecraft:bread":28,"minecraft:iron_pickaxe":502,"minecraft:gravel":24,"minecraft:golden_helmet":1,"minecraft:stone_axe":310,"minecraft:fishing_rod":10,"minecraft:cobblestone":16,"minecraft:potion":2,"minecraft:bucket":10,"minecraft:splash_potion":2,"minecraft:oak_boat":4},"minecraft:custom":{"minecraft:mob_kills":48,"minecraft:interact_with_crafting_table":33,"minecraft:bell_ring":12,"minecraft:leave_game":1,"minecraft:time_since_death":1575,"minecraft:climb_one_cm":451,"minecraft:sprint_one_cm":450670,"minecraft:walk_one_cm":631502,"minecraft:drop":243,"minecraft:talked_to_villager":57,"minecraft:play_time":268019,"minecraft:deaths":4,"minecraft:sneak_time":7332,"minecraft:walk_under_water_one_cm":30252,"minecraft:interact_with_brewingstand":2,"minecraft:boat_one_cm":644016,"minecraft:jump":3607,"minecraft:walk_on_water_one_cm":18414,"minecraft:total_world_time":268019,"minecraft:interact_with_furnace":18,"minecraft:traded_with_villager":111,"minecraft:sleep_in_bed":10,"minecraft:time_since_rest":1983,"minecraft:damage_taken":3189,"minecraft:damage_absorbed":40,"minecraft:damage_dealt":8986,"minecraft:swim_one_cm":39416,"minecraft:fly_one_cm":1717176,"minecraft:open_chest":15,"minecraft:crouch_one_cm":21485,"minecraft:fall_one_cm":72115},"minecraft:crafted":{"minecraft:oak_planks":476,"minecraft:redstone":104,"minecraft:blaze_powder":14,"minecraft:cooked_chicken":3,"minecraft:furnace":1,"minecraft:cooked_mutton":7,"minecraft:ender_pearl":2,"minecraft:stone_pickaxe":2,"minecraft:ender_eye":1,"minecraft:golden_boots":1,"minecraft:wheat":743,"minecraft:cooked_beef":10,"minecraft:emerald":51,"minecraft:cooked_porkchop":1,"minecraft:crafting_table":3,"minecraft:wooden_pickaxe":1,"minecraft:iron_sword":1,"minecraft:fletching_table":1,"minecraft:bucket":2,"minecraft:birch_planks":28,"minecraft:stone_axe":1,"minecraft:bread":217,"minecraft:air":0,"minecraft:oak_boat":1,"minecraft:golden_apple":1,"minecraft:stick":904,"minecraft:iron_ingot":1,"minecraft:iron_pickaxe":3,"minecraft:gold_ingot":19,"minecraft:white_bed":1,"minecraft:lapis_lazuli":6}},"DataVersion":3465}