{"stats":{"minecraft:dropped":{"minecraft:dirt":3,"minecraft:wooden_pickaxe":1},"minecraft:mined":{"minecraft:white_bed":1,"minecraft:birch_log":7,"minecraft:crafting_table":2,"minecraft:grass":3,"minecraft:oak_log":6,"minecraft:grass_block":1,"minecraft:coal_ore":10,"minecraft:dirt":3,"minecraft:tall_grass":1,"minecraft:stone":68,"minecraft:oak_leaves":2},"minecraft:killed":{"minecraft:sheep":3,"minecraft:goat":3,"minecraft:pig":1,"minecraft:chicken":3,"minecraft:cow":4},"minecraft:picked_up":{"minecraft:birch_log":7,"minecraft:stick":2,"minecraft:crafting_table":2,"minecraft:feather":6,"minecraft:chicken":3,"minecraft:leather":4,"minecraft:porkchop":1,"minecraft:oak_log":6,"minecraft:white_bed":1,"minecraft:dirt":4,"minecraft:apple":1,"minecraft:beef":10,"minecraft:oak_sapling":1,"minecraft:mutton":5,"minecraft:coal":10,"minecraft:white_wool":3,"minecraft:cobblestone":67},"minecraft:used":{"minecraft:apple":1,"minecraft:stone_pickaxe":76,"minecraft:oak_planks":1,"minecraft:wooden_pickaxe":3,"minecraft:stone_axe":31,"minecraft:dirt":1,"minecraft:crafting_table":2,"minecraft:furnace":1,"minecraft:white_bed":1},"minecraft:custom":{"minecraft:time_since_rest":5244,"minecraft:interact_with_furnace":3,"minecraft:sprint_one_cm":36719,"minecraft:damage_taken":80,"minecraft:walk_one_cm":55356,"minecraft:mob_kills":14,"minecraft:drop":4,"minecraft:damage_dealt":1206,"minecraft:interact_with_crafting_table":8,"minecraft:fly_one_cm":42916,"minecraft:crouch_one_cm":59,"minecraft:play_time":17268,"minecraft:sneak_time":170,"minecraft:jump":315,"minecraft:time_since_death":17268,"minecraft:sleep_in_bed":1,"minecraft:total_world_time":17268,"minecraft:fall_one_cm":7621},"minecraft:crafted":{"minecraft:cooked_beef":2,"minecraft:oak_planks":24,"minecraft:crafting_table":1,"minecraft:stick":8,"minecraft:wooden_pickaxe":1,"minecraft:stone_pickaxe":1,"minecraft:furnace":1,"minecraft:white_bed":1,"minecraft:stone_axe":1,"minecraft:air":0}},"DataVersion":3465}