{"stats":{"minecraft:picked_up":{"minecraft:birch_log":2,"minecraft:crafting_table":2,"minecraft:oak_log":10,"minecraft:dirt":1,"minecraft:string":29,"minecraft:lantern":2,"minecraft:cooked_mutton":1,"iceandfire:pixie_jar_empty":2,"minecraft:gold_nugget":72,"minecraft:rabbit_hide":5,"minecraft:stone_pickaxe":1,"tombstone:bag_of_seeds":1,"minecraft:coal_block":16,"minecraft:iron_sword":1,"minecraft:oak_planks":7,"minecraft:piston":1,"minecraft:furnace":2,"minecraft:book":12,"iceandfire:copper_nugget":14,"minecraft:stone_pressure_plate":2,"minecraft:rabbit_foot":2,"minecraft:tnt":1,"minecraft:rotten_flesh":6,"iceandfire:lectern":1,"minecraft:hay_block":11,"minecraft:bread":1,"iceandfire:silver_nugget":40,"minecraft:coal":22,"minecraft:cobblestone":20},"minecraft:custom":{"minecraft:interact_with_furnace":4,"minecraft:mob_kills":4,"minecraft:interact_with_crafting_table":6,"minecraft:time_since_death":29579,"minecraft:sleep_in_bed":2,"minecraft:climb_one_cm":7043,"minecraft:time_since_rest":183,"minecraft:sprint_one_cm":34040,"minecraft:damage_taken":120,"minecraft:walk_one_cm":150631,"minecraft:drop":4,"minecraft:damage_dealt":324,"minecraft:swim_one_cm":15075,"minecraft:talked_to_villager":5,"minecraft:fly_one_cm":24817,"minecraft:open_chest":11,"minecraft:crouch_one_cm":377,"minecraft:play_time":29579,"tombstone:undead_killed":2,"minecraft:sneak_time":278,"minecraft:walk_under_water_one_cm":7452,"minecraft:jump":218,"minecraft:walk_on_water_one_cm":1884,"minecraft:total_world_time":29579,"minecraft:fall_one_cm":5113},"minecraft:dropped":{"alexsmobs:animal_dictionary":1,"supplementaries:flax_seeds":3,"minecraft:stone_pickaxe":1,"minecraft:wooden_pickaxe":1},"minecraft:used":{"iceandfire:silver_sword":30,"minecraft:birch_planks":8,"minecraft:oak_planks":9,"minecraft:chorus_fruit":1,"minecraft:stone_pickaxe":58,"minecraft:wooden_pickaxe":3,"minecraft:dirt":1,"minecraft:crafting_table":2,"tombstone:bag_of_seeds":2,"minecraft:lantern":2,"minecraft:golden_leggings":1,"minecraft:golden_helmet":1,"minecraft:stone_axe":35,"alexsmobs:animal_dictionary":1,"minecraft:stone_pressure_plate":2},"minecraft:killed":{"undead_revamp2:thehunter":1,"earthmobsmod:jumbo_rabbit":2,"undead_revamp2:the_moonflower":1},"minecraft:mined":{"iceandfire:pixie_jar_empty":2,"minecraft:stone_pressure_plate":1,"iceandfire:copper_pile":2,"minecraft:crafting_table":2,"minecraft:grass_block":1,"iceandfire:lectern":1,"minecraft:coal_block":16,"minecraft:oak_planks":7,"minecraft:hay_block":11,"minecraft:furnace":2,"minecraft:birch_log":2,"minecraft:tnt":1,"iceandfire:silver_pile":12,"minecraft:grass":2,"minecraft:bookshelf":4,"minecraft:oak_log":10,"minecraft:coal_ore":7,"iceandfire:gold_pile":12,"luminousworld:grassvariant_3":1,"minecraft:cobweb":29,"minecraft:stone":20,"luminousworld:savannah_grass_4":1,"minecraft:piston":1},"minecraft:crafted":{"minecraft:oak_planks":40,"iceandfire:silver_ingot":2,"minecraft:crafting_table":1,"minecraft:wooden_pickaxe":1,"minecraft:birch_planks":8,"minecraft:stone_axe":1,"minecraft:stick":8,"minecraft:stone_pickaxe":1,"iceandfire:silver_sword":1,"minecraft:wheat":99}},"DataVersion":3465}