{"stats":{"minecraft:dropped":{"minecraft:stone_axe":1,"minecraft:cooked_beef":4,"minecraft:ender_pearl":1,"minecraft:crafting_table":1,"minecraft:filled_map":1},"minecraft:killed":{"minecraft:iron_golem":1,"minecraft:sheep":6,"minecraft:zombie":2,"minecraft:chicken":2,"minecraft:cow":5},"minecraft:mined":{"minecraft:white_bed":2,"minecraft:grass_block":3,"minecraft:oak_planks":6,"minecraft:white_terracotta":2,"minecraft:birch_leaves":1,"minecraft:grass":3,"minecraft:coal_ore":47,"minecraft:oak_log":78,"minecraft:dirt":2,"minecraft:stripped_oak_log":2,"minecraft:stone":84,"minecraft:oak_leaves":25},"minecraft:broken":{"minecraft:stone_pickaxe":1,"minecraft:wooden_axe":1},"minecraft:killed_by":{"minecraft:skeleton":1,"minecraft:iron_golem":1},"minecraft:picked_up":{"minecraft:stripped_oak_log":2,"minecraft:crafting_table":1,"minecraft:clock":1,"minecraft:feather":12,"minecraft:cooked_beef":10,"minecraft:chicken":2,"minecraft:leather":12,"minecraft:wooden_pickaxe":2,"minecraft:potato":1,"minecraft:oak_log":111,"minecraft:dirt":8,"minecraft:cooked_mutton":3,"minecraft:apple":1,"minecraft:beef":12,"minecraft:stone_pickaxe":1,"minecraft:cooked_chicken":4,"minecraft:oak_planks":332,"minecraft:egg":2,"minecraft:stick":19,"minecraft:white_bed":2,"minecraft:rotten_flesh":11,"minecraft:stone_axe":3,"minecraft:white_terracotta":2,"minecraft:oak_sapling":15,"minecraft:mutton":7,"minecraft:coal":88,"minecraft:white_wool":10,"minecraft:cobblestone":160,"minecraft:ender_pearl":3},"minecraft:used":{"minecraft:cooked_mutton":3,"minecraft:stone_pickaxe":133,"minecraft:oak_planks":28,"minecraft:wooden_pickaxe":5,"minecraft:rotten_flesh":1,"minecraft:dirt":8,"minecraft:crafting_table":5,"minecraft:white_bed":1,"minecraft:wooden_axe":59,"minecraft:apple":1,"minecraft:stone_axe":82,"minecraft:cobblestone":11,"minecraft:oak_sapling":3,"minecraft:furnace":1,"minecraft:egg":1,"minecraft:stripped_oak_log":1,"minecraft:cooked_beef":8},"minecraft:custom":{"minecraft:interact_with_furnace":11,"minecraft:mob_kills":16,"minecraft:traded_with_villager":8,"minecraft:interact_with_crafting_table":12,"minecraft:bell_ring":18,"minecraft:leave_game":3,"minecraft:time_since_death":14134,"minecraft:sleep_in_bed":2,"minecraft:time_since_rest":12364,"minecraft:sprint_one_cm":88621,"minecraft:damage_taken":1346,"minecraft:walk_one_cm":167506,"minecraft:drop":8,"minecraft:damage_dealt":2902,"minecraft:swim_one_cm":6864,"minecraft:talked_to_villager":6,"minecraft:fly_one_cm":161587,"minecraft:open_chest":9,"minecraft:crouch_one_cm":3063,"minecraft:play_time":60075,"minecraft:deaths":2,"minecraft:sneak_time":859,"minecraft:walk_under_water_one_cm":10567,"minecraft:boat_one_cm":115790,"minecraft:jump":1176,"minecraft:walk_on_water_one_cm":4391,"minecraft:total_world_time":60075,"minecraft:fall_one_cm":24666},"minecraft:crafted":{"minecraft:cooked_beef":12,"minecraft:oak_planks":260,"minecraft:emerald":8,"minecraft:crafting_table":5,"minecraft:wooden_pickaxe":1,"minecraft:cooked_chicken":2,"minecraft:furnace":1,"minecraft:stone_axe":3,"minecraft:cooked_mutton":5,"minecraft:air":0,"minecraft:stick":416,"minecraft:stone_pickaxe":2,"minecraft:wooden_axe":1,"minecraft:white_bed":1}},"DataVersion":3465}