{"stats":{"minecraft:mined":{"minecraft:oak_log":32,"minecraft:oak_leaves":10},"minecraft:picked_up":{"minecraft:oak_log":32,"minecraft:dirt":3},"minecraft:used":{"minecraft:wooden_axe":36,"minecraft:dirt":2,"minecraft:crafting_table":1},"minecraft:crafted":{"minecraft:oak_planks":20,"minecraft:crafting_table":1,"minecraft:stick":4,"minecraft:wooden_axe":1},"minecraft:custom":{"minecraft:time_since_rest":6909,"minecraft:crouch_one_cm":191,"minecraft:play_time":6909,"minecraft:sprint_one_cm":1105,"minecraft:damage_taken":20,"minecraft:walk_one_cm":10983,"minecraft:sneak_time":38,"minecraft:jump":45,"minecraft:leave_game":1,"minecraft:time_since_death":6909,"minecraft:total_world_time":6909,"minecraft:interact_with_crafting_table":1,"minecraft:fall_one_cm":962,"minecraft:fly_one_cm":1465}},"DataVersion":3465}