{"stats":{"minecraft:dropped":{"minecraft:cooked_beef":4},"minecraft:mined":{"minecraft:white_bed":1,"minecraft:birch_leaves":1,"minecraft:grass":3,"minecraft:oak_log":66,"minecraft:grass_block":3,"minecraft:coal_ore":47,"minecraft:dirt":2,"minecraft:stone":42,"minecraft:oak_leaves":19},"minecraft:killed":{"minecraft:sheep":5,"minecraft:zombie":2,"minecraft:chicken":2,"minecraft:cow":5},"minecraft:broken":{"minecraft:wooden_axe":1},"minecraft:killed_by":{"minecraft:skeleton":1},"minecraft:picked_up":{"minecraft:stick":12,"minecraft:cooked_beef":10,"minecraft:feather":8,"minecraft:chicken":2,"minecraft:leather":8,"minecraft:wooden_pickaxe":1,"minecraft:oak_log":82,"minecraft:dirt":8,"minecraft:rotten_flesh":6,"minecraft:apple":1,"minecraft:stone_axe":1,"minecraft:beef":12,"minecraft:stone_pickaxe":1,"minecraft:cooked_chicken":2,"minecraft:oak_sapling":12,"minecraft:oak_planks":163,"minecraft:mutton":5,"minecraft:coal":46,"minecraft:white_wool":7,"minecraft:cobblestone":52,"minecraft:egg":1},"minecraft:used":{"minecraft:wooden_axe":59,"minecraft:apple":1,"minecraft:stone_pickaxe":89,"minecraft:wooden_pickaxe":5,"minecraft:rotten_flesh":1,"minecraft:stone_axe":43,"minecraft:dirt":8,"minecraft:cobblestone":1,"minecraft:crafting_table":4,"minecraft:furnace":1,"minecraft:oak_sapling":1,"minecraft:white_bed":1,"minecraft:cooked_beef":8},"minecraft:custom":{"minecraft:time_since_rest":9004,"minecraft:interact_with_furnace":10,"minecraft:sprint_one_cm":53982,"minecraft:damage_taken":950,"minecraft:walk_one_cm":105754,"minecraft:mob_kills":14,"minecraft:drop":4,"minecraft:damage_dealt":1676,"minecraft:swim_one_cm":3987,"minecraft:interact_with_crafting_table":10,"minecraft:fly_one_cm":96553,"minecraft:walk_under_water_one_cm":3890,"minecraft:crouch_one_cm":1730,"minecraft:play_time":36075,"minecraft:deaths":1,"minecraft:sneak_time":533,"minecraft:jump":675,"minecraft:walk_on_water_one_cm":1478,"minecraft:leave_game":3,"minecraft:time_since_death":11301,"minecraft:sleep_in_bed":1,"minecraft:total_world_time":36075,"minecraft:fall_one_cm":13888},"minecraft:crafted":{"minecraft:cooked_beef":12,"minecraft:oak_planks":192,"minecraft:crafting_table":4,"minecraft:stick":8,"minecraft:wooden_pickaxe":1,"minecraft:cooked_chicken":2,"minecraft:stone_pickaxe":1,"minecraft:wooden_axe":1,"minecraft:furnace":1,"minecraft:white_bed":1,"minecraft:stone_axe":1,"minecraft:cooked_mutton":5,"minecraft:air":0}},"DataVersion":3465}