{"stats":{"minecraft:mined":{"minecraft:white_bed":1,"minecraft:grass":3,"minecraft:oak_log":66,"minecraft:grass_block":3,"minecraft:coal_ore":45,"minecraft:dirt":2,"minecraft:stone":26,"minecraft:oak_leaves":17},"minecraft:killed":{"minecraft:sheep":5,"minecraft:chicken":2,"minecraft:cow":5},"minecraft:broken":{"minecraft:wooden_axe":1},"minecraft:picked_up":{"minecraft:stick":4,"minecraft:feather":4,"minecraft:chicken":2,"minecraft:leather":4,"minecraft:oak_log":65,"minecraft:dirt":8,"minecraft:rotten_flesh":1,"minecraft:apple":1,"minecraft:beef":12,"minecraft:oak_sapling":5,"minecraft:mutton":5,"minecraft:coal":43,"minecraft:white_wool":5,"minecraft:cobblestone":26},"minecraft:used":{"minecraft:wooden_axe":59,"minecraft:apple":1,"minecraft:stone_pickaxe":71,"minecraft:wooden_pickaxe":5,"minecraft:rotten_flesh":1,"minecraft:stone_axe":32,"minecraft:dirt":8,"minecraft:crafting_table":4,"minecraft:furnace":1,"minecraft:oak_sapling":1,"minecraft:white_bed":1,"minecraft:cooked_beef":2},"minecraft:custom":{"minecraft:time_since_rest":24075,"minecraft:interact_with_furnace":7,"minecraft:sprint_one_cm":28689,"minecraft:damage_taken":190,"minecraft:walk_one_cm":57565,"minecraft:mob_kills":12,"minecraft:damage_dealt":980,"minecraft:interact_with_crafting_table":8,"minecraft:fly_one_cm":49452,"minecraft:crouch_one_cm":195,"minecraft:play_time":24075,"minecraft:sneak_time":119,"minecraft:jump":337,"minecraft:leave_game":3,"minecraft:time_since_death":24075,"minecraft:total_world_time":24075,"minecraft:fall_one_cm":7983},"minecraft:crafted":{"minecraft:cooked_beef":12,"minecraft:oak_planks":192,"minecraft:crafting_table":4,"minecraft:stick":8,"minecraft:wooden_pickaxe":1,"minecraft:stone_pickaxe":1,"minecraft:wooden_axe":1,"minecraft:furnace":1,"minecraft:white_bed":1,"minecraft:stone_axe":1,"minecraft:air":0}},"DataVersion":3465}