{"stats":{"minecraft:mined":{"minecraft:coal_ore":12,"minecraft:grass_block":2,"minecraft:oak_log":49,"minecraft:white_bed":1,"minecraft:stone":4,"minecraft:oak_leaves":16},"minecraft:broken":{"minecraft:wooden_axe":1},"minecraft:picked_up":{"minecraft:stick":2,"minecraft:apple":1,"minecraft:oak_log":48,"minecraft:oak_sapling":1,"minecraft:coal":11,"minecraft:dirt":5,"minecraft:cobblestone":4},"minecraft:used":{"minecraft:wooden_axe":59,"minecraft:dirt":2,"minecraft:apple":1,"minecraft:crafting_table":2,"minecraft:oak_sapling":1,"minecraft:stone_pickaxe":13,"minecraft:wooden_pickaxe":5},"minecraft:crafted":{"minecraft:oak_planks":20,"minecraft:crafting_table":2,"minecraft:stick":4,"minecraft:stone_pickaxe":1,"minecraft:wooden_pickaxe":1,"minecraft:wooden_axe":1},"minecraft:custom":{"minecraft:time_since_rest":12075,"minecraft:crouch_one_cm":191,"minecraft:sprint_one_cm":9194,"minecraft:play_time":12075,"minecraft:damage_taken":190,"minecraft:walk_one_cm":28596,"minecraft:sneak_time":38,"minecraft:jump":125,"minecraft:leave_game":3,"minecraft:time_since_death":12075,"minecraft:total_world_time":12075,"minecraft:interact_with_crafting_table":4,"minecraft:fall_one_cm":3770,"minecraft:fly_one_cm":15025}},"DataVersion":3465}