{"stats":{"minecraft:dropped":{"minecraft:soul_sand":4,"minecraft:wheat_seeds":1,"minecraft:lapis_lazuli":1,"minecraft:warped_fungus":1,"minecraft:cooked_beef":4,"minecraft:ender_pearl":1,"minecraft:crafting_table":1,"minecraft:feather":8,"minecraft:cobblestone":3,"minecraft:leather":4,"minecraft:crimson_roots":4,"minecraft:string":9,"minecraft:gold_ingot":9,"minecraft:crimson_fungus":1,"minecraft:stone_axe":3,"minecraft:warped_nylium":1,"minecraft:rotten_flesh":9,"minecraft:oak_planks":1,"minecraft:stripped_oak_log":1,"minecraft:white_terracotta":8,"minecraft:filled_map":1,"minecraft:potato":3,"minecraft:quartz":5,"minecraft:netherrack":129},"minecraft:killed":{"minecraft:chicken":2,"minecraft:iron_golem":1,"minecraft:hoglin":1,"minecraft:sheep":6,"minecraft:zombie":2,"minecraft:blaze":2,"minecraft:enderman":2,"minecraft:cow":5},"minecraft:mined":{"minecraft:nether_gold_ore":17,"minecraft:white_bed":2,"minecraft:grass_block":3,"minecraft:crimson_roots":5,"minecraft:crimson_fungus":1,"minecraft:crimson_stem":5,"minecraft:magma_block":5,"minecraft:carrots":11,"minecraft:fire":8,"minecraft:gold_block":1,"minecraft:potatoes":3,"minecraft:warped_stem":2,"minecraft:stripped_oak_log":2,"minecraft:stone":154,"minecraft:blackstone":2,"minecraft:crimson_nylium":29,"minecraft:basalt":105,"minecraft:crafting_table":1,"minecraft:nether_quartz_ore":7,"minecraft:oak_planks":6,"minecraft:white_terracotta":2,"minecraft:nether_wart_block":5,"minecraft:wheat":1,"minecraft:birch_leaves":6,"minecraft:grass":21,"minecraft:coal_ore":47,"minecraft:oak_log":556,"minecraft:dirt":2,"minecraft:netherrack":740,"minecraft:oak_leaves":124},"minecraft:broken":{"minecraft:stone_pickaxe":6,"minecraft:stone_axe":6,"minecraft:iron_pickaxe":1,"minecraft:wooden_axe":1},"minecraft:killed_by":{"minecraft:ghast":1,"minecraft:iron_golem":1,"minecraft:skeleton":1,"minecraft:blaze":1},"minecraft:picked_up":{"minecraft:crafting_table":4,"minecraft:splash_potion":2,"minecraft:chicken":2,"minecraft:wooden_pickaxe":2,"minecraft:gold_block":1,"minecraft:crimson_planks":12,"minecraft:string":36,"minecraft:blackstone":11,"minecraft:gold_nugget":112,"minecraft:beef":12,"minecraft:iron_pickaxe":1,"minecraft:egg":2,"minecraft:golden_helmet":1,"minecraft:stick":419,"minecraft:porkchop":9,"minecraft:carrot":50,"minecraft:rotten_flesh":16,"minecraft:white_terracotta":8,"minecraft:blaze_rod":2,"minecraft:mutton":7,"minecraft:white_wool":10,"minecraft:cobblestone":345,"minecraft:stripped_oak_log":2,"minecraft:basalt":1,"minecraft:magma_block":6,"minecraft:cooked_beef":10,"minecraft:feather":20,"minecraft:clock":1,"minecraft:crimson_stem":9,"minecraft:leather":22,"minecraft:potato":6,"minecraft:crimson_fungus":1,"minecraft:oak_log":589,"minecraft:golden_boots":2,"minecraft:nether_wart_block":15,"minecraft:dirt":8,"minecraft:cooked_mutton":3,"minecraft:apple":19,"minecraft:wheat_seeds":2,"minecraft:warped_stem":6,"minecraft:stone_pickaxe":8,"minecraft:cooked_chicken":4,"minecraft:oak_planks":333,"minecraft:soul_sand":8,"minecraft:warped_fungus":1,"minecraft:quartz":5,"minecraft:gravel":77,"minecraft:white_bed":2,"minecraft:stone_axe":8,"minecraft:bread":154,"minecraft:emerald":19,"minecraft:oak_sapling":46,"minecraft:netherrack":1061,"minecraft:warped_nylium":1,"minecraft:coal":88,"minecraft:crimson_roots":5,"minecraft:ender_pearl":8},"minecraft:used":{"minecraft:chest":2,"minecraft:cooked_chicken":2,"minecraft:rotten_flesh":2,"minecraft:netherrack":205,"minecraft:dirt":8,"minecraft:carrot":13,"minecraft:wooden_axe":59,"minecraft:villager_spawn_egg":6,"minecraft:crimson_roots":1,"minecraft:oak_sapling":35,"minecraft:furnace":2,"minecraft:egg":1,"minecraft:cooked_beef":8,"minecraft:potato":7,"minecraft:golden_boots":2,"minecraft:cooked_mutton":5,"minecraft:stone_pickaxe":865,"minecraft:oak_planks":28,"minecraft:blackstone":1,"minecraft:wooden_pickaxe":5,"minecraft:fletching_table":8,"minecraft:crafting_table":8,"minecraft:white_bed":2,"minecraft:apple":2,"minecraft:bread":26,"minecraft:iron_pickaxe":250,"minecraft:gravel":1,"minecraft:stone_axe":735,"minecraft:cobblestone":37,"minecraft:stripped_oak_log":1},"minecraft:custom":{"minecraft:mob_kills":21,"minecraft:interact_with_crafting_table":26,"minecraft:bell_ring":39,"minecraft:leave_game":6,"minecraft:time_since_death":1853,"minecraft:climb_one_cm":1035,"minecraft:sprint_one_cm":259798,"minecraft:walk_one_cm":525580,"minecraft:drop":48,"minecraft:talked_to_villager":72,"minecraft:play_time":197509,"minecraft:deaths":4,"minecraft:sneak_time":6910,"minecraft:walk_under_water_one_cm":13102,"minecraft:boat_one_cm":195587,"minecraft:jump":2962,"minecraft:walk_on_water_one_cm":5088,"minecraft:total_world_time":197509,"minecraft:interact_with_furnace":13,"minecraft:traded_with_villager":129,"minecraft:sleep_in_bed":7,"minecraft:time_since_rest":1913,"minecraft:damage_taken":3372,"minecraft:damage_dealt":4237,"minecraft:swim_one_cm":6864,"minecraft:fly_one_cm":468005,"minecraft:open_chest":31,"minecraft:crouch_one_cm":21123,"minecraft:fall_one_cm":66258},"minecraft:crafted":{"minecraft:oak_planks":1843,"minecraft:redstone":24,"minecraft:cooked_chicken":2,"minecraft:furnace":2,"minecraft:cooked_mutton":5,"minecraft:ender_pearl":11,"minecraft:stone_pickaxe":9,"minecraft:chest":2,"minecraft:cooked_beef":12,"minecraft:crimson_planks":20,"minecraft:emerald":102,"minecraft:crafting_table":6,"minecraft:wooden_pickaxe":1,"minecraft:stone_axe":7,"minecraft:air":0,"minecraft:stick":3560,"minecraft:wooden_axe":1,"minecraft:gold_ingot":9,"minecraft:white_bed":1,"minecraft:lapis_lazuli":4}},"DataVersion":3465}