{"stats":{"minecraft:dropped":{"minecraft:crimson_fungus":1,"minecraft:stone_axe":3,"minecraft:wheat_seeds":1,"minecraft:lapis_lazuli":1,"minecraft:cooked_beef":4,"minecraft:ender_pearl":1,"minecraft:crafting_table":1,"minecraft:feather":8,"minecraft:cobblestone":3,"minecraft:rotten_flesh":9,"minecraft:oak_planks":1,"minecraft:leather":4,"minecraft:stripped_oak_log":1,"minecraft:white_terracotta":8,"minecraft:filled_map":1,"minecraft:potato":3,"minecraft:crimson_roots":4,"minecraft:netherrack":128,"minecraft:string":9,"minecraft:quartz":5,"minecraft:gold_ingot":9},"minecraft:killed":{"minecraft:iron_golem":1,"minecraft:hoglin":1,"minecraft:sheep":6,"minecraft:zombie":2,"minecraft:chicken":2,"minecraft:cow":5},"minecraft:mined":{"minecraft:nether_gold_ore":8,"minecraft:white_bed":2,"minecraft:crimson_nylium":29,"minecraft:crafting_table":1,"minecraft:grass_block":3,"minecraft:crimson_roots":5,"minecraft:nether_quartz_ore":5,"minecraft:oak_planks":6,"minecraft:crimson_fungus":1,"minecraft:crimson_stem":5,"minecraft:white_terracotta":2,"minecraft:magma_block":5,"minecraft:carrots":11,"minecraft:nether_wart_block":5,"minecraft:fire":6,"minecraft:wheat":1,"minecraft:birch_leaves":6,"minecraft:gold_block":1,"minecraft:grass":21,"minecraft:oak_log":556,"minecraft:potatoes":3,"minecraft:coal_ore":47,"minecraft:warped_stem":2,"minecraft:dirt":2,"minecraft:stripped_oak_log":2,"minecraft:netherrack":305,"minecraft:stone":154,"minecraft:oak_leaves":124},"minecraft:broken":{"minecraft:stone_pickaxe":2,"minecraft:stone_axe":5,"minecraft:iron_pickaxe":1,"minecraft:wooden_axe":1},"minecraft:killed_by":{"minecraft:skeleton":1,"minecraft:iron_golem":1,"minecraft:ghast":1},"minecraft:picked_up":{"minecraft:stripped_oak_log":2,"minecraft:magma_block":4,"minecraft:crafting_table":4,"minecraft:splash_potion":2,"minecraft:clock":1,"minecraft:feather":20,"minecraft:cooked_beef":10,"minecraft:chicken":2,"minecraft:crimson_stem":9,"minecraft:leather":22,"minecraft:wooden_pickaxe":2,"minecraft:potato":6,"minecraft:gold_block":1,"minecraft:crimson_fungus":1,"minecraft:oak_log":589,"minecraft:golden_boots":1,"minecraft:nether_wart_block":10,"minecraft:string":27,"minecraft:dirt":8,"minecraft:cooked_mutton":3,"minecraft:blackstone":10,"minecraft:apple":13,"minecraft:wheat_seeds":2,"minecraft:gold_nugget":20,"minecraft:warped_stem":4,"minecraft:beef":12,"minecraft:stone_pickaxe":5,"minecraft:cooked_chicken":4,"minecraft:iron_pickaxe":1,"minecraft:soul_sand":8,"minecraft:oak_planks":333,"minecraft:egg":2,"minecraft:golden_helmet":1,"minecraft:stick":37,"minecraft:quartz":5,"minecraft:gravel":52,"minecraft:porkchop":6,"minecraft:white_bed":2,"minecraft:carrot":45,"minecraft:rotten_flesh":16,"minecraft:stone_axe":7,"minecraft:emerald":3,"minecraft:bread":116,"minecraft:white_terracotta":8,"minecraft:oak_sapling":46,"minecraft:netherrack":440,"minecraft:mutton":7,"minecraft:coal":88,"minecraft:crimson_roots":5,"minecraft:white_wool":10,"minecraft:cobblestone":295,"minecraft:ender_pearl":6},"minecraft:used":{"minecraft:cooked_mutton":5,"minecraft:stone_pickaxe":312,"minecraft:oak_planks":28,"minecraft:chest":2,"minecraft:wooden_pickaxe":5,"minecraft:fletching_table":8,"minecraft:netherrack":119,"minecraft:cooked_chicken":2,"minecraft:rotten_flesh":2,"minecraft:dirt":8,"minecraft:crafting_table":7,"minecraft:carrot":13,"minecraft:white_bed":2,"minecraft:wooden_axe":59,"minecraft:apple":1,"minecraft:villager_spawn_egg":6,"minecraft:bread":13,"minecraft:iron_pickaxe":250,"minecraft:crimson_roots":1,"minecraft:stone_axe":697,"minecraft:cobblestone":32,"minecraft:furnace":2,"minecraft:oak_sapling":35,"minecraft:golden_boots":1,"minecraft:potato":7,"minecraft:egg":1,"minecraft:stripped_oak_log":1,"minecraft:cooked_beef":8},"minecraft:custom":{"minecraft:interact_with_furnace":13,"minecraft:mob_kills":17,"minecraft:traded_with_villager":129,"minecraft:interact_with_crafting_table":25,"minecraft:bell_ring":39,"minecraft:leave_game":5,"minecraft:time_since_death":14750,"minecraft:sleep_in_bed":7,"minecraft:time_since_rest":14816,"minecraft:sprint_one_cm":234688,"minecraft:damage_taken":2275,"minecraft:walk_one_cm":449380,"minecraft:drop":44,"minecraft:damage_dealt":3122,"minecraft:swim_one_cm":6864,"minecraft:talked_to_villager":70,"minecraft:fly_one_cm":420987,"minecraft:open_chest":31,"minecraft:crouch_one_cm":16191,"minecraft:play_time":173631,"minecraft:deaths":3,"minecraft:sneak_time":5306,"minecraft:walk_under_water_one_cm":13102,"minecraft:boat_one_cm":195587,"minecraft:jump":2635,"minecraft:walk_on_water_one_cm":5088,"minecraft:total_world_time":173631,"minecraft:fall_one_cm":56677},"minecraft:crafted":{"minecraft:cooked_beef":12,"minecraft:crimson_planks":4,"minecraft:oak_planks":1843,"minecraft:redstone":24,"minecraft:emerald":102,"minecraft:crafting_table":5,"minecraft:wooden_pickaxe":1,"minecraft:cooked_chicken":2,"minecraft:furnace":2,"minecraft:stone_axe":7,"minecraft:cooked_mutton":5,"minecraft:air":0,"minecraft:stick":3560,"minecraft:ender_pearl":11,"minecraft:stone_pickaxe":6,"minecraft:wooden_axe":1,"minecraft:chest":2,"minecraft:gold_ingot":9,"minecraft:white_bed":1,"minecraft:lapis_lazuli":4}},"DataVersion":3465}