{"stats":{"minecraft:dropped":{"minecraft:stone_axe":1,"minecraft:cooked_beef":4,"minecraft:ender_pearl":1,"minecraft:filled_map":1},"minecraft:killed":{"minecraft:iron_golem":1,"minecraft:sheep":5,"minecraft:zombie":2,"minecraft:chicken":2,"minecraft:cow":5},"minecraft:mined":{"minecraft:white_bed":2,"minecraft:grass_block":3,"minecraft:birch_leaves":1,"minecraft:grass":3,"minecraft:coal_ore":47,"minecraft:oak_log":66,"minecraft:dirt":2,"minecraft:stone":84,"minecraft:oak_leaves":19},"minecraft:broken":{"minecraft:stone_pickaxe":1,"minecraft:wooden_axe":1},"minecraft:killed_by":{"minecraft:skeleton":1,"minecraft:iron_golem":1},"minecraft:picked_up":{"minecraft:clock":1,"minecraft:feather":12,"minecraft:cooked_beef":10,"minecraft:chicken":2,"minecraft:leather":12,"minecraft:wooden_pickaxe":2,"minecraft:oak_log":99,"minecraft:dirt":8,"minecraft:cooked_mutton":3,"minecraft:apple":1,"minecraft:beef":12,"minecraft:stone_pickaxe":1,"minecraft:cooked_chicken":4,"minecraft:oak_planks":326,"minecraft:egg":2,"minecraft:stick":19,"minecraft:white_bed":2,"minecraft:rotten_flesh":11,"minecraft:stone_axe":3,"minecraft:oak_sapling":12,"minecraft:mutton":5,"minecraft:coal":88,"minecraft:white_wool":9,"minecraft:cobblestone":160,"minecraft:ender_pearl":3},"minecraft:used":{"minecraft:cooked_mutton":2,"minecraft:stone_pickaxe":131,"minecraft:wooden_pickaxe":5,"minecraft:rotten_flesh":1,"minecraft:dirt":8,"minecraft:crafting_table":4,"minecraft:white_bed":1,"minecraft:wooden_axe":59,"minecraft:apple":1,"minecraft:stone_axe":55,"minecraft:cobblestone":11,"minecraft:oak_sapling":1,"minecraft:furnace":1,"minecraft:cooked_beef":8},"minecraft:custom":{"minecraft:interact_with_furnace":11,"minecraft:mob_kills":15,"minecraft:interact_with_crafting_table":10,"minecraft:leave_game":3,"minecraft:time_since_death":2134,"minecraft:sleep_in_bed":2,"minecraft:time_since_rest":364,"minecraft:sprint_one_cm":70170,"minecraft:damage_taken":1296,"minecraft:walk_one_cm":134616,"minecraft:drop":7,"minecraft:damage_dealt":2812,"minecraft:swim_one_cm":6864,"minecraft:talked_to_villager":1,"minecraft:fly_one_cm":120096,"minecraft:open_chest":9,"minecraft:crouch_one_cm":2892,"minecraft:play_time":48075,"minecraft:deaths":2,"minecraft:sneak_time":814,"minecraft:walk_under_water_one_cm":10567,"minecraft:boat_one_cm":115790,"minecraft:jump":957,"minecraft:walk_on_water_one_cm":4391,"minecraft:total_world_time":48075,"minecraft:fall_one_cm":17228},"minecraft:crafted":{"minecraft:cooked_beef":12,"minecraft:oak_planks":192,"minecraft:crafting_table":4,"minecraft:wooden_pickaxe":1,"minecraft:cooked_chicken":2,"minecraft:furnace":1,"minecraft:stone_axe":1,"minecraft:cooked_mutton":5,"minecraft:air":0,"minecraft:stick":8,"minecraft:stone_pickaxe":1,"minecraft:wooden_axe":1,"minecraft:white_bed":1}},"DataVersion":3465}