{"stats":{"minecraft:dropped":{"minecraft:stone_axe":2,"minecraft:cooked_beef":4,"minecraft:ender_pearl":1,"minecraft:crafting_table":1,"minecraft:feather":8,"minecraft:cobblestone":1,"minecraft:rotten_flesh":5,"minecraft:stripped_oak_log":1,"minecraft:leather":4,"minecraft:white_terracotta":8,"minecraft:filled_map":1},"minecraft:killed":{"minecraft:iron_golem":1,"minecraft:sheep":6,"minecraft:zombie":2,"minecraft:chicken":2,"minecraft:cow":5},"minecraft:mined":{"minecraft:white_bed":2,"minecraft:grass_block":3,"minecraft:oak_planks":6,"minecraft:white_terracotta":2,"minecraft:birch_leaves":6,"minecraft:grass":6,"minecraft:coal_ore":47,"minecraft:oak_log":413,"minecraft:dirt":2,"minecraft:stripped_oak_log":2,"minecraft:stone":154,"minecraft:oak_leaves":88},"minecraft:broken":{"minecraft:stone_pickaxe":1,"minecraft:stone_axe":3,"minecraft:wooden_axe":1},"minecraft:killed_by":{"minecraft:skeleton":1,"minecraft:iron_golem":1},"minecraft:picked_up":{"minecraft:stripped_oak_log":2,"minecraft:crafting_table":1,"minecraft:clock":1,"minecraft:feather":20,"minecraft:cooked_beef":10,"minecraft:chicken":2,"minecraft:leather":16,"minecraft:wooden_pickaxe":2,"minecraft:potato":1,"minecraft:oak_log":446,"minecraft:dirt":8,"minecraft:cooked_mutton":3,"minecraft:apple":3,"minecraft:beef":12,"minecraft:stone_pickaxe":1,"minecraft:cooked_chicken":4,"minecraft:oak_planks":333,"minecraft:egg":2,"minecraft:stick":31,"minecraft:white_bed":2,"minecraft:rotten_flesh":16,"minecraft:stone_axe":4,"minecraft:white_terracotta":8,"minecraft:oak_sapling":27,"minecraft:mutton":7,"minecraft:coal":88,"minecraft:white_wool":10,"minecraft:cobblestone":231,"minecraft:ender_pearl":3},"minecraft:used":{"minecraft:cooked_mutton":5,"minecraft:stone_pickaxe":203,"minecraft:oak_planks":28,"minecraft:chest":1,"minecraft:wooden_pickaxe":5,"minecraft:rotten_flesh":1,"minecraft:dirt":8,"minecraft:crafting_table":5,"minecraft:white_bed":2,"minecraft:wooden_axe":59,"minecraft:apple":1,"minecraft:stone_axe":486,"minecraft:cobblestone":13,"minecraft:oak_sapling":10,"minecraft:furnace":1,"minecraft:egg":1,"minecraft:stripped_oak_log":1,"minecraft:cooked_beef":8},"minecraft:custom":{"minecraft:interact_with_furnace":11,"minecraft:mob_kills":16,"minecraft:traded_with_villager":46,"minecraft:interact_with_crafting_table":19,"minecraft:bell_ring":18,"minecraft:leave_game":4,"minecraft:time_since_death":41962,"minecraft:sleep_in_bed":4,"minecraft:time_since_rest":13886,"minecraft:sprint_one_cm":134601,"minecraft:damage_taken":1366,"minecraft:walk_one_cm":232289,"minecraft:drop":19,"minecraft:damage_dealt":2902,"minecraft:swim_one_cm":6864,"minecraft:talked_to_villager":15,"minecraft:fly_one_cm":231980,"minecraft:open_chest":17,"minecraft:crouch_one_cm":3146,"minecraft:play_time":87903,"minecraft:deaths":2,"minecraft:sneak_time":901,"minecraft:walk_under_water_one_cm":12110,"minecraft:boat_one_cm":115790,"minecraft:jump":1581,"minecraft:walk_on_water_one_cm":4526,"minecraft:total_world_time":87903,"minecraft:fall_one_cm":33924},"minecraft:crafted":{"minecraft:cooked_beef":12,"minecraft:oak_planks":1075,"minecraft:redstone":24,"minecraft:emerald":31,"minecraft:crafting_table":5,"minecraft:wooden_pickaxe":1,"minecraft:cooked_chicken":2,"minecraft:furnace":1,"minecraft:stone_axe":7,"minecraft:cooked_mutton":5,"minecraft:air":0,"minecraft:stick":1976,"minecraft:stone_pickaxe":2,"minecraft:wooden_axe":1,"minecraft:chest":1,"minecraft:white_bed":1,"minecraft:lapis_lazuli":3}},"DataVersion":3465}