{"stats":{"minecraft:dropped":{"minecraft:stone_axe":3,"minecraft:wheat_seeds":1,"minecraft:cooked_beef":4,"minecraft:ender_pearl":1,"minecraft:crafting_table":1,"minecraft:feather":8,"minecraft:cobblestone":1,"minecraft:rotten_flesh":5,"minecraft:leather":4,"minecraft:stripped_oak_log":1,"minecraft:white_terracotta":8,"minecraft:filled_map":1},"minecraft:killed":{"minecraft:iron_golem":1,"minecraft:sheep":6,"minecraft:zombie":2,"minecraft:chicken":2,"minecraft:cow":5},"minecraft:mined":{"minecraft:white_bed":2,"minecraft:grass_block":3,"minecraft:oak_planks":6,"minecraft:white_terracotta":2,"minecraft:carrots":11,"minecraft:wheat":1,"minecraft:birch_leaves":6,"minecraft:grass":10,"minecraft:potatoes":3,"minecraft:oak_log":556,"minecraft:coal_ore":47,"minecraft:dirt":2,"minecraft:stripped_oak_log":2,"minecraft:stone":154,"minecraft:oak_leaves":124},"minecraft:broken":{"minecraft:stone_pickaxe":1,"minecraft:stone_axe":5,"minecraft:wooden_axe":1},"minecraft:killed_by":{"minecraft:skeleton":1,"minecraft:iron_golem":1},"minecraft:picked_up":{"minecraft:stripped_oak_log":2,"minecraft:crafting_table":1,"minecraft:feather":20,"minecraft:clock":1,"minecraft:cooked_beef":10,"minecraft:chicken":2,"minecraft:leather":16,"minecraft:wooden_pickaxe":2,"minecraft:potato":6,"minecraft:oak_log":589,"minecraft:dirt":8,"minecraft:cooked_mutton":3,"minecraft:apple":7,"minecraft:wheat_seeds":2,"minecraft:beef":12,"minecraft:stone_pickaxe":1,"minecraft:cooked_chicken":4,"minecraft:oak_planks":333,"minecraft:egg":2,"minecraft:stick":37,"minecraft:carrot":40,"minecraft:white_bed":2,"minecraft:rotten_flesh":16,"minecraft:stone_axe":5,"minecraft:bread":64,"minecraft:white_terracotta":8,"minecraft:oak_sapling":46,"minecraft:mutton":7,"minecraft:coal":88,"minecraft:white_wool":10,"minecraft:cobblestone":231,"minecraft:ender_pearl":3},"minecraft:used":{"minecraft:cooked_mutton":5,"minecraft:stone_pickaxe":203,"minecraft:oak_planks":28,"minecraft:chest":2,"minecraft:wooden_pickaxe":5,"minecraft:cooked_chicken":2,"minecraft:rotten_flesh":2,"minecraft:dirt":8,"minecraft:crafting_table":5,"minecraft:carrot":13,"minecraft:white_bed":2,"minecraft:wooden_axe":59,"minecraft:apple":1,"minecraft:stone_axe":665,"minecraft:cobblestone":19,"minecraft:furnace":2,"minecraft:oak_sapling":35,"minecraft:egg":1,"minecraft:stripped_oak_log":1,"minecraft:cooked_beef":8},"minecraft:custom":{"minecraft:interact_with_furnace":13,"minecraft:mob_kills":16,"minecraft:traded_with_villager":67,"minecraft:interact_with_crafting_table":22,"minecraft:bell_ring":38,"minecraft:leave_game":4,"minecraft:time_since_death":67831,"minecraft:sleep_in_bed":5,"minecraft:time_since_rest":13035,"minecraft:sprint_one_cm":168944,"minecraft:damage_taken":1406,"minecraft:walk_one_cm":287780,"minecraft:drop":21,"minecraft:damage_dealt":2911,"minecraft:swim_one_cm":6864,"minecraft:talked_to_villager":37,"minecraft:fly_one_cm":272710,"minecraft:open_chest":24,"minecraft:crouch_one_cm":3146,"minecraft:play_time":113772,"minecraft:deaths":2,"minecraft:sneak_time":902,"minecraft:walk_under_water_one_cm":12110,"minecraft:boat_one_cm":115790,"minecraft:jump":1807,"minecraft:walk_on_water_one_cm":4561,"minecraft:total_world_time":113772,"minecraft:fall_one_cm":39692},"minecraft:crafted":{"minecraft:cooked_beef":12,"minecraft:oak_planks":1587,"minecraft:redstone":24,"minecraft:emerald":48,"minecraft:crafting_table":5,"minecraft:wooden_pickaxe":1,"minecraft:cooked_chicken":2,"minecraft:furnace":2,"minecraft:stone_axe":7,"minecraft:cooked_mutton":5,"minecraft:air":0,"minecraft:stick":2784,"minecraft:ender_pearl":3,"minecraft:stone_pickaxe":2,"minecraft:wooden_axe":1,"minecraft:chest":2,"minecraft:white_bed":1,"minecraft:lapis_lazuli":4}},"DataVersion":3465}